UniqueID,MangoNum,TreeInfo,Weight,Flotation,Size,Category
BGLW100T1M01OT,1,T1 Out,287.0,F,M,E
BGLW100T1M02OT,2,T1 Out,286.0,F,M,E
BGLW100T1M03OT,3,T1 Out,242.0,F,,L
BGLW100T1M04OT,4,T1 Out,208.0,F,,L
BGLW100T1M05OT,5,T1 Out,278.0,F,S,E
BGLW100T1M06OT,6,T1 Out,312.0,F,M,E
BGLW100T1M07OT,7,T1 Out,287.0,F,M,E
BGLW100T1M08OT,8,T1 Out,339.0,F,M,E
BGLW100T1M09OT,9,T1 Out,363.0,F,,R
BGLW100T1M10OT,10,T1 Out,306.0,F,,R
BGLW100T1M11OT,11,T1 Out,351.0,F,,R
BGLW100T1M12OT,12,T1 Out,252.0,F,,R
BGLW100T1M13OT,13,T1 Out,291.0,F,M,E
BGLW100T1M14OT,14,T1 Out,325.0,F,M,E
BGLW100T1M15OT,15,T1 Out,258.0,F,,R
BGLW100T1M16IN,16,T1 Inside,370.0,F,L,E
BGLW100T1M17IN,17,T1 Inside,232.0,F,,L
BGLW100T1M18IN,18,T1 Inside,280.0,F,S,E
BGLW100T1M19IN,19,T1 Inside,140.0,F,,R
BGLW100T1M20IN,20,T1 Inside,297.0,F,,R
BGLW100T1M21IN,21,T1 Inside,225.0,S,,R
BGLW100T1M22IN,22,T1 Inside,323.0,F,M,E
BGLW100T1M23IN,23,T1 Inside,244.0,F,S,E
BGLW100T1M24IN,24,T1 Inside,269.0,F,,R
BGLW100T1M25IN,25,T1 Inside,238.0,F,S,E
BGLW100T1M26IN,26,T1 Inside,275.0,F,M,E
BGLW100T1M27IN,27,T1 Inside,197.0,F,,R
BGLW100T1M28IN,28,T1 Inside,265.0,F,S,E
BGLW100T1M29IN,29,T1 Inside,262.0,F,,L
BGLW100T1M30IN,30,T1 Inside,270.0,F,,R
BGLW100T1M31TP,31,T1 Top,257.0,S,,L
BGLW100T1M32TP,32,T1 Top,263.0,S,S,E
BGLW100T1M33TP,33,T1 Top,301.0,S,M,E
BGLW100T1M34TP,34,T1 Top,274.0,S,M,E
BGLW100T1M35TP,35,T1 Top,275.0,S,M,E
BGLW100T1M36TP,36,T1 Top,244.0,S,S,E
BGLW100T1M37TP,37,T1 Top,254.0,S,S,E
BGLW100T1M38TP,38,T1 Top,290.0,S,,R
BGLW100T1M39TP,39,T1 Top,254.0,S,S,E
BGLW100T1M40TP,40,T1 Top,193.0,S,,L
BGLW100T1M41TP,41,T1 Top,279.0,S,M,E
BGLW100T1M42TP,42,T1 Top,280.0,F,,R
BGLW100T1M43TP,43,T1 Top,264.0,S,M,E
BGLW100T1M44TP,44,T1 Top,312.0,S,M,E
BGLW100T1M45TP,45,T1 Top,296.0,S,M,E
BGLW100T2M46OT,46,T2 Out,301.0,S,M,E
BGLW100T2M47OT,47,T2 Out,351.0,S,L,E
BGLW100T2M48OT,48,T2 Out,365.0,S,,R
BGLW100T2M49OT,49,T2 Out,295.0,S,,L
BGLW100T2M50OT,50,T2 Out,276.0,F,,R
BGLW100T2M51OT,51,T2 Out,370.0,S,L,E
BGLW100T2M52OT,52,T2 Out,328.0,S,L,E
BGLW100T2M53OT,53,T2 Out,374.0,S,,R
BGLW100T2M54OT,54,T2 Out,365.0,F,L,E
BGLW100T2M55OT,55,T2 Out,355.0,S,L,E
BGLW100T2M56OT,56,T2 Out,323.0,S,,R
BGLW100T2M57OT,57,T2 Out,307.0,S,,L
BGLW100T2M58OT,58,T2 Out,300.0,S,M,E
BGLW100T2M59OT,59,T2 Out,326.0,S,M,E
BGLW100T2M60OT,60,T2 Out,326.0,S,M,E
BGLW100T2M61IN,61,T2 Inside,205.0,S,,L
BGLW100T2M62IN,62,T2 Inside,176.0,S,,L
BGLW100T2M63IN,63,T2 Inside,288.0,F,,L
BGLW100T2M64IN,64,T2 Inside,202.0,F,,L
BGLW100T2M65IN,65,T2 Inside,219.0,S,,L
BGLW100T2M66IN,66,T2 Inside,249.0,F,,L
BGLW100T2M67IN,67,T2 Inside,250.0,F,S,E
BGLW100T2M68IN,68,T2 Inside,311.0,F,,L
BGLW100T2M69IN,69,T2 Inside,284.0,F,,L
BGLW100T2M70IN,70,T2 Inside,212.0,S,,R
BGLW100T2M71IN,71,T2 Inside,251.0,F,S,M
BGLW100T2M72IN,72,T2 Inside,280.0,S,,R
BGLW100T2M73IN,73,T2 Inside,225.0,S,,L
BGLW100T2M74IN,74,T2 Inside,167.0,F,,R
BGLW100T2M75IN,75,T2 Inside,264.0,S,,L
BGLW100T2M76TP,76,T2 Top,329.0,S,M,E
BGLW100T2M77TP,77,T2 Top,335.0,S,M,E
BGLW100T2M78TP,78,T2 Top,315.0,S,M,E
BGLW100T2M79TP,79,T2 Top,311.0,S,M,E
BGLW100T2M80TP,80,T2 Top,325.0,S,M,E
BGLW100T2M81TP,81,T2 Top,357.0,S,M,E
BGLW100T2M82TP,82,T2 Top,373.0,S,L,E
BGLW100T2M83TP,83,T2 Top,196.0,S,,L
BGLW100T2M84TP,84,T2 Top,345.0,F,M,E
BGLW100T2M85TP,85,T2 Top,386.0,S,L,E
BGLW100T2M86TP,86,T2 Top,270.0,S,S,E
BGLW100T2M87TP,87,T2 Top,336.0,S,M,E
BGLW100T2M88TP,88,T2 Top,281.0,S,S,E
BGLW100T2M89TP,89,T2 Top,274.0,S,,R
BGLW100T2M90TP,90,T2 Top,315.0,S,,R
BGLW100T3M91OT,91,T3 Out,291.0,S,M,E
BGLW100T3M92OT,92,T3 Out,240.0,S,,L
BGLW100T3M93OT,93,T3 Out,254.0,S,,E
BGLW100T3M94OT,94,T3 Out,221.0,S,S,E
BGLW100T3M95OT,95,T3 Out,216.0,F,M,E
BGLW100T3M96OT,96,T3 Out,229.0,S,M,E
BGLW100T3M97OT,97,T3 Out,257.0,S,S,E
BGLW100T3M98OT,98,T3 Out,254.0,S,S,E
BGLW100T3M99OT,99,T3 Out,265.0,S,S,E
BGLW100T3M100OT,100,T3 Out,194.0,S,,L
BGLW100T3M101OT,101,T3 Out,286.0,S,M,E
BGLW100T3M102OT,102,T3 Out,264.0,S,S,E
BGLW100T3M103OT,103,T3 Out,256.0,S,S,E
BGLW100T3M104OT,104,T3 Out,249.0,F,S,E
BGLW100T3M105OT,105,T3 Out,280.0,S,M,E
BGLW100T3M106IN,106,T3 Inside,270.0,S,S,E
BGLW100T3M107IN,107,T3 Inside,214.0,S,S,E
BGLW100T3M108IN,108,T3 Inside,170.0,F,,L
BGLW100T3M109IN,109,T3 Inside,286.0,S,M,E
BGLW100T3M110IN,110,T3 Inside,165.0,S,,R
BGLW100T3M111IN,111,T3 Inside,193.0,F,,L
BGLW100T3M112IN,112,T3 Inside,289.0,S,M,E
BGLW100T3M113IN,113,T3 Inside,225.0,S,S,E
BGLW100T3M114IN,114,T3 Inside,167.0,F,,L
BGLW100T3M115IN,115,T3 Inside,306.0,F,M,E
BGLW100T3M116IN,116,T3 Inside,163.0,F,,R
BGLW100T3M117IN,117,T3 Inside,201.0,F,,L
BGLW100T3M118IN,118,T3 Inside,294.0,S,M,E
BGLW100T3M119IN,119,T3 Inside,295.0,F,S,E
BGLW100T3M120IN,120,T3 Inside,95.0,F,,R
BGLW100T3M121TP,121,T3 Top,165.0,,,R
BGLW100T3M122TP,122,T3 Top,275.0,,S,L
BGLW100T3M123TP,123,T3 Top,155.0,,,R
BGLW100T3M124TP,124,T3 Top,146.0,,,R
BGLW100T3M125TP,125,T3 Top,176.0,,,R
BGLW100T3M126TP,126,T3 Top,167.0,,,R
BGLW100T3M127TP,127,T3 Top,205.0,,,R
BGLW100T3M128TP,128,T3 Top,250.0,,,R
BGLW100T3M129TP,129,T3 Top,190.0,,,R
BGLW100T3M130TP,130,T3 Top,185.0,,,R
BGLW100T3M131TP,131,T3 Top,206.0,,,R
BGLW100T3M132TP,132,T3 Top,240.0,,S,E
BGLW100T3M133TP,133,T3 Top,231.0,,S,E
BGLW100T3M134TP,134,T3 Top,255.0,,S,E
BGLW100T3M135TP,135,T3 Top,248.0,,L,
BGLW105T1M01OT,1,T1 Out,355.0,F,M,E
BGLW105T1M02OT,2,T1 Out,342.0,F,M,E
BGLW105T1M03OT,3,T1 Out,325.0,F,M,E
BGLW105T1M04OT,4,T1 Out,293.0,F,M,E
BGLW105T1M05OT,5,T1 Out,286.0,F,M,E
BGLW105T1M06OT,6,T1 Out,305.0,S,M,E
BGLW105T1M07OT,7,T1 Out,264.0,F,M,E
BGLW105T1M08OT,8,T1 Out,286.0,F,S,E
BGLW105T1M09OT,9,T1 Out,248.0,F,S,E
BGLW105T1M10OT,10,T1 Out,262.0,S,S,E
BGLW105T1M11OT,11,T1 Out,247.0,S,,L
BGLW105T1M12OT,12,T1 Out,249.0,F,,L
BGLW105T1M13OT,13,T1 Out,238.0,F,,L
BGLW105T1M14OT,14,T1 Out,263.0,S,,L
BGLW105T1M15OT,15,T1 Out,363.0,S,M,E
BGLW105T1M16IN,16,T1 Inside,338.0,S,M,E
BGLW105T1M17IN,17,T1 Inside,299.0,F,M,E
BGLW105T1M18IN,18,T1 Inside,288.0,S,M,E
BGLW105T1M19IN,19,T1 Inside,299.0,F,M,E
BGLW105T1M20IN,20,T1 Inside,257.0,F,M,E
BGLW105T1M21IN,21,T1 Inside,222.0,F,,R
BGLW105T1M22IN,22,T1 Inside,204.0,F,S,E
BGLW105T1M23IN,23,T1 Inside,200.0,F,,L
BGLW105T1M24IN,24,T1 Inside,213.0,F,,L
BGLW105T1M25IN,25,T1 Inside,277.0,F,,R
BGLW105T1M26IN,26,T1 Inside,227.0,F,,R
BGLW105T1M27IN,27,T1 Inside,198.0,F,,L
BGLW105T1M28IN,28,T1 Inside,233.0,F,,L
BGLW105T1M29IN,29,T1 Inside,259.0,F,S,E
BGLW105T1M30IN,30,T1 Inside,252.0,F,S,E
BGLW105T1M31TP,31,T1 Top,241.0,S,S,E
BGLW105T1M32TP,32,T1 Top,238.0,S,,L
BGLW105T1M33TP,33,T1 Top,237.0,S,S,E
BGLW105T1M34TP,34,T1 Top,168.0,S,,L
BGLW105T1M35TP,35,T1 Top,209.0,S,,L
BGLW105T1M36TP,36,T1 Top,267.0,S,S,E
BGLW105T1M37TP,37,T1 Top,303.0,S,M,E
BGLW105T1M38TP,38,T1 Top,308.0,S,M,E
BGLW105T1M39TP,39,T1 Top,301.0,S,M,E
BGLW105T1M40TP,40,T1 Top,244.0,S,S,E
BGLW105T1M41TP,41,T1 Top,302.0,S,M,E
BGLW105T1M42TP,42,T1 Top,273.0,F,M,E
BGLW105T1M43TP,43,T1 Top,241.0,S,S,E
BGLW105T1M44TP,44,T1 Top,255.0,S,S,E
BGLW105T1M45TP,45,T1 Top,254.0,F,S,E
BGLW105T2M46OT,46,T2 Out,283.0,F,M,E
BGLW105T2M47OT,47,T2 Out,302.0,F,M,E
BGLW105T2M48OT,48,T2 Out,258.0,F,M,E
BGLW105T2M49OT,49,T2 Out,276.0,S,M,E
BGLW105T2M50OT,50,T2 Out,345.0,F,M,E
BGLW105T2M51OT,51,T2 Out,314.0,F,M,E
BGLW105T2M52OT,52,T2 Out,329.0,F,M,E
BGLW105T2M53OT,53,T2 Out,270.0,F,M,E
BGLW105T2M54OT,54,T2 Out,329.0,F,M,E
BGLW105T2M55OT,55,T2 Out,344.0,S,M,E
BGLW105T2M56OT,56,T2 Out,330.0,S,,R
BGLW105T2M57OT,57,T2 Out,343.0,F,M,E
BGLW105T2M58OT,58,T2 Out,271.0,S,S,E
BGLW105T2M59OT,59,T2 Out,321.0,F,M,E
BGLW105T2M60OT,60,T2 Out,84.0,S,,R
BGLW105T2M61IN,61,T2 Inside,256.0,F,S,E
BGLW105T2M62IN,62,T2 Inside,262.0,F,S,E
BGLW105T2M63IN,63,T2 Inside,240.0,S,,R
BGLW105T2M64IN,64,T2 Inside,99.0,S,,R
BGLW105T2M65IN,65,T2 Inside,262.0,F,S,E
BGLW105T2M66IN,66,T2 Inside,208.0,S,,L
BGLW105T2M67IN,67,T2 Inside,245.0,F,,R
BGLW105T2M68IN,68,T2 Inside,351.0,F,M,E
BGLW105T2M69IN,69,T2 Inside,315.0,F,M,E
BGLW105T2M70IN,70,T2 Inside,276.0,F,S,E
BGLW105T2M71IN,71,T2 Inside,333.0,S,M,E
BGLW105T2M72IN,72,T2 Inside,289.0,S,,R
BGLW105T2M73IN,73,T2 Inside,241.0,F,,L
BGLW105T2M74IN,74,T2 Inside,270.0,F,,L
BGLW105T2M75IN,75,T2 Inside,252.0,F,S,E
BGLW105T2M76TP,76,T2 Top,179.0,F,,L
BGLW105T2M77TP,77,T2 Top,237.0,S,,L
BGLW105T2M78TP,78,T2 Top,268.0,S,,L
BGLW105T2M79TP,79,T2 Top,301.0,S,,L
BGLW105T2M80TP,80,T2 Top,350.0,F,M,E
BGLW105T2M81TP,81,T2 Top,432.0,F,M,E
BGLW105T2M82TP,82,T2 Top,368.0,F,M,E
BGLW105T2M83TP,83,T2 Top,277.0,F,S,E
BGLW105T2M84TP,84,T2 Top,332.0,F,M,E
BGLW105T2M85TP,85,T2 Top,306.0,F,,R
BGLW105T2M86TP,86,T2 Top,319.0,S,M,E
BGLW105T2M87TP,87,T2 Top,255.0,F,M,E
BGLW105T2M88TP,88,T2 Top,280.0,S,S,E
BGLW105T2M89TP,89,T2 Top,245.0,F,S,E
BGLW105T2M90TP,90,T2 Top,227.0,S,S,E
BGLW105T3M91OT,91,T3 Out,311.0,S,M,E
BGLW105T3M92OT,92,T3 Out,303.0,F,M,E
BGLW105T3M93OT,93,T3 Out,303.0,S,M,E
BGLW105T3M94OT,94,T3 Out,282.0,F,M,E
BGLW105T3M95OT,95,T3 Out,327.0,S,M,E
BGLW105T3M96OT,96,T3 Out,305.0,S,M,E
BGLW105T3M97OT,97,T3 Out,268.0,F,M,E
BGLW105T3M98OT,98,T3 Out,293.0,F,M,E
BGLW105T3M99OT,99,T3 Out,229.0,F,S,E
BGLW105T3M100OT,100,T3 Out,253.0,F,S,E
BGLW105T3M101OT,101,T3 Out,260.0,F,S,E
BGLW105T3M102OT,102,T3 Out,235.0,S,S,E
BGLW105T3M103OT,103,T3 Out,262.0,S,S,E
BGLW105T3M104OT,104,T3 Out,241.0,F,,R
BGLW105T3M105OT,105,T3 Out,208.0,F,,L
BGLW105T3M106IN,106,T3 Inside,216.0,F,S,E
BGLW105T3M107IN,107,T3 Inside,201.0,F,S,E
BGLW105T3M108IN,108,T3 Inside,269.0,F,S,E
BGLW105T3M109IN,109,T3 Inside,296.0,F,M,E
BGLW105T3M110IN,110,T3 Inside,248.0,F,S,E
BGLW105T3M111IN,111,T3 Inside,262.0,S,S,E
BGLW105T3M112IN,112,T3 Inside,245.0,F,S,E
BGLW105T3M113IN,113,T3 Inside,152.0,F,,R
BGLW105T3M114IN,114,T3 Inside,159.0,S,,R
BGLW105T3M115IN,115,T3 Inside,148.0,S,,R
BGLW105T3M116IN,116,T3 Inside,194.0,S,,L
BGLW105T3M117IN,117,T3 Inside,180.0,F,,L
BGLW105T3M118IN,118,T3 Inside,206.0,F,,L
BGLW105T3M119IN,119,T3 Inside,215.0,F,,L
BGLW105T3M120IN,120,T3 Inside,205.0,F,,L
BGLW105T3M121TP,121,T3 Top,265.0,S,,R
BGLW105T3M122TP,122,T3 Top,267.0,S,,L
BGLW105T3M123TP,123,T3 Top,272.0,S,S,E
BGLW105T3M124TP,124,T3 Top,244.0,S,S,E
BGLW105T3M125TP,125,T3 Top,293.0,F,M,E
BGLW105T3M126TP,126,T3 Top,304.0,F,M,E
BGLW105T3M127TP,127,T3 Top,265.0,F,S,E
BGLW105T3M128TP,128,T3 Top,176.0,S,,L
BGLW105T3M129TP,129,T3 Top,206.0,S,,R
BGLW105T3M130TP,130,T3 Top,182.0,S,,L
BGLW105T3M131TP,131,T3 Top,239.0,F,,L
BGLW105T3M132TP,132,T3 Top,175.0,F,,L
BGLW105T3M133TP,133,T3 Top,236.0,S,,L
BGLW105T3M134TP,134,T3 Top,319.0,F,M,E
BGLW105T3M135TP,135,T3 Top,335.0,F,M,E
TBLW100T1M01OT,1,T1 Out,261.0,F,M,E
TBLW100T1M02OT,2,T1 Out,280.0,F,M,E
TBLW100T1M03OT,3,T1 Out,231.0,F,S,L
TBLW100T1M04OT,4,T1 Out,221.0,F,S,E
TBLW100T1M05OT,5,T1 Out,222.0,F,S,E
TBLW100T1M06OT,6,T1 Out,226.0,F,S,E
TBLW100T1M07OT,7,T1 Out,220.0,F,S,E
TBLW100T1M08OT,8,T1 Out,226.0,F,M,L
TBLW100T1M09OT,9,T1 Out,220.0,F,S,E
TBLW100T1M10OT,10,T1 Out,195.0,F,S,E
TBLW100T1M11OT,11,T1 Out,207.0,F,S,E
TBLW100T1M12OT,12,T1 Out,223.0,F,S,E
TBLW100T1M13OT,13,T1 Out,182.0,S,,R
TBLW100T1M14OT,14,T1 Out,223.0,F,,R
TBLW100T1M15OT,15,T1 Out,168.0,S,,R
TBLW100T1M16IN,16,T1 Inside,251.0,S,M,L
TBLW100T1M17IN,17,T1 Inside,220.0,F,S,E
TBLW100T1M18IN,18,T1 Inside,208.0,S,S,E
TBLW100T1M19IN,19,T1 Inside,258.0,F,M,E
TBLW100T1M20IN,20,T1 Inside,212.0,F,S,L
TBLW100T1M21IN,21,T1 Inside,221.0,F,S,L
TBLW100T1M22IN,22,T1 Inside,223.0,S,S,L
TBLW100T1M23IN,23,T1 Inside,221.0,F,S,L
TBLW100T1M24IN,24,T1 Inside,201.0,F,S,L
TBLW100T1M25IN,25,T1 Inside,207.0,F,S,E
TBLW100T1M26IN,26,T1 Inside,183.0,F,S,E
TBLW100T1M27IN,27,T1 Inside,179.0,F,S,E
TBLW100T1M28IN,28,T1 Inside,170.0,S,,R
TBLW100T1M29IN,29,T1 Inside,133.0,S,,R
TBLW100T1M30IN,30,T1 Inside,189.0,S,,R
TBLW100T1M31TP,31,T1 Top,286.0,F,L,E
TBLW100T1M32TP,32,T1 Top,310.0,F,L,E
TBLW100T1M33TP,33,T1 Top,297.0,F,L,E
TBLW100T1M34TP,34,T1 Top,285.0,F,L,E
TBLW100T1M35TP,35,T1 Top,284.0,F,M,L
TBLW100T1M36TP,36,T1 Top,243.0,F,M,E
TBLW100T1M37TP,37,T1 Top,272.0,S,M,E
TBLW100T1M38TP,38,T1 Top,220.0,F,S,L
TBLW100T1M39TP,39,T1 Top,217.0,F,S,E
TBLW100T1M40TP,40,T1 Top,208.0,F,S,E
TBLW100T1M41TP,41,T1 Top,245.0,F,S,E
TBLW100T1M42TP,42,T1 Top,211.0,F,S,L
TBLW100T1M43TP,43,T1 Top,234.0,S,S,L
TBLW100T1M44TP,44,T1 Top,222.0,S,S,L
TBLW100T1M45TP,45,T1 Top,209.0,S,,R
TBLW100T2M46OT,46,T2 Out,277.0,F,L,E
TBLW100T2M47OT,47,T2 Out,214.0,F,L,E
TBLW100T2M48OT,48,T2 Out,225.0,F,L,E
TBLW100T2M49OT,49,T2 Out,234.0,F,M,E
TBLW100T2M50OT,50,T2 Out,200.0,F,M,L
TBLW100T2M51OT,51,T2 Out,198.0,S,M,E
TBLW100T2M52OT,52,T2 Out,186.0,S,M,E
TBLW100T2M53OT,53,T2 Out,228.0,F,S,E
TBLW100T2M54OT,54,T2 Out,197.0,F,S,E
TBLW100T2M55OT,55,T2 Out,177.0,F,S,E
TBLW100T2M56OT,56,T2 Out,209.0,S,S,L
TBLW100T2M57OT,57,T2 Out,177.0,F,S,L
TBLW100T2M58OT,58,T2 Out,182.0,S,S,L
TBLW100T2M59OT,59,T2 Out,139.0,F,,R
TBLW100T2M60OT,60,T2 Out,146.0,F,,R
TBLW100T2M61IN,61,T2 Inside,336.0,F,M,E
TBLW100T2M62IN,62,T2 Inside,312.0,F,M,E
TBLW100T2M63IN,63,T2 Inside,313.0,F,S,E
TBLW100T2M64IN,64,T2 Inside,272.0,F,S,E
TBLW100T2M65IN,65,T2 Inside,282.0,F,S,E
TBLW100T2M66IN,66,T2 Inside,251.0,F,S,E
TBLW100T2M67IN,67,T2 Inside,276.0,F,S,E
TBLW100T2M68IN,68,T2 Inside,257.0,F,S,L
TBLW100T2M69IN,69,T2 Inside,235.0,S,S,L
TBLW100T2M70IN,70,T2 Inside,246.0,F,S,L
TBLW100T2M71IN,71,T2 Inside,220.0,F,S,L
TBLW100T2M72IN,72,T2 Inside,225.0,F,S,L
TBLW100T2M73IN,73,T2 Inside,202.0,F,,R
TBLW100T2M74IN,74,T2 Inside,223.0,F,,R
TBLW100T2M75IN,75,T2 Inside,193.0,F,,R
TBLW100T2M76TP,76,T2 Top,357.0,F,L,E
TBLW100T2M77TP,77,T2 Top,283.0,F,L,E
TBLW100T2M78TP,78,T2 Top,291.0,F,L,E
TBLW100T2M79TP,79,T2 Top,276.0,F,M,L
TBLW100T2M80TP,80,T2 Top,250.0,F,,R
TBLW100T2M81TP,81,T2 Top,268.0,F,M,L
TBLW100T2M82TP,82,T2 Top,265.0,F,M,E
TBLW100T2M83TP,83,T2 Top,235.0,F,M,E
TBLW100T2M84TP,84,T2 Top,269.0,F,M,E
TBLW100T2M85TP,85,T2 Top,217.0,S,S,E
TBLW100T2M86TP,86,T2 Top,235.0,S,S,E
TBLW100T2M87TP,87,T2 Top,185.0,F,S,E
TBLW100T2M88TP,88,T2 Top,228.0,F,S,E
TBLW100T2M89TP,89,T2 Top,197.0,F,,R
TBLW100T2M90TP,90,T2 Top,199.0,F,,R
TBLW100T3M91OT,91,T3 Out,286.0,F,L,E
TBLW100T3M92OT,92,T3 Out,325.0,F,L,E
TBLW100T3M93OT,93,T3 Out,306.0,F,L,E
TBLW100T3M94OT,94,T3 Out,270.0,F,L,E
TBLW100T3M95OT,95,T3 Out,301.0,F,L,E
TBLW100T3M96OT,96,T3 Out,173.0,F,L,E
TBLW100T3M97OT,97,T3 Out,264.0,F,L,E
TBLW100T3M98OT,98,T3 Out,296.0,F,M,L
TBLW100T3M99OT,99,T3 Out,260.0,S,M,E
TBLW100T3M100OT,100,T3 Out,256.0,F,M,E
TBLW100T3M101OT,101,T3 Out,247.0,F,M,E
TBLW100T3M102OT,102,T3 Out,272.0,F,M,E
TBLW100T3M103OT,103,T3 Out,242.0,F,M,E
TBLW100T3M104OT,104,T3 Out,222.0,F,M,E
TBLW100T3M105OT,105,T3 Out,216.0,F,S,E
TBLW100T3M106IN,106,T3 Inside,286.0,F,L,E
TBLW100T3M107IN,107,T3 Inside,263.0,F,L,E
TBLW100T3M108IN,108,T3 Inside,245.0,F,M,E
TBLW100T3M109IN,109,T3 Inside,238.0,S,M,E
TBLW100T3M110IN,110,T3 Inside,268.0,F,M,E
TBLW100T3M111IN,111,T3 Inside,238.0,F,M,E
TBLW100T3M112IN,112,T3 Inside,248.0,F,M,E
TBLW100T3M113IN,113,T3 Inside,237.0,F,S,L
TBLW100T3M114IN,114,T3 Inside,211.0,S,S,E
TBLW100T3M115IN,115,T3 Inside,211.0,F,S,E
TBLW100T3M116IN,116,T3 Inside,205.0,F,S,E
TBLW100T3M117IN,117,T3 Inside,246.0,F,S,L
TBLW100T3M118IN,118,T3 Inside,221.0,F,S,E
TBLW100T3M119IN,119,T3 Inside,185.0,F,,R
TBLW100T3M120IN,120,T3 Inside,226.0,F,,R
TBLW100T3M121TP,121,T3 Top,316.0,S,L,L
TBLW100T3M122TP,122,T3 Top,315.0,F,L,E
TBLW100T3M123TP,123,T3 Top,262.0,F,M,E
TBLW100T3M124TP,124,T3 Top,259.0,F,M,E
TBLW100T3M125TP,125,T3 Top,290.0,F,M,E
TBLW100T3M126TP,126,T3 Top,240.0,F,S,E
TBLW100T3M127TP,127,T3 Top,247.0,F,S,E
TBLW100T3M128TP,128,T3 Top,264.0,F,S,E
TBLW100T3M129TP,129,T3 Top,243.0,S,S,E
TBLW100T3M130TP,130,T3 Top,236.0,F,S,E
TBLW100T3M131TP,131,T3 Top,227.0,F,S,E
TBLW100T3M132TP,132,T3 Top,237.0,F,S,L
TBLW100T3M133TP,133,T3 Top,214.0,S,,R
TBLW100T3M134TP,134,T3 Top,258.0,F,,R
TBLW100T3M135TP,135,T3 Top,213.0,S,,R
TBLW105T1M01OT,1,T1 Out,263.0,F,M,E
TBLW105T1M02OT,2,T1 Out,265.0,F,M,E
TBLW105T1M03OT,3,T1 Out,308.0,F,M,E
TBLW105T1M04OT,4,T1 Out,255.0,F,M,E
TBLW105T1M05OT,5,T1 Out,252.0,F,M,E
TBLW105T1M06OT,6,T1 Out,253.0,F,M,E
TBLW105T1M07OT,7,T1 Out,246.0,F,M,E
TBLW105T1M08OT,8,T1 Out,257.0,F,,R
TBLW105T1M09OT,9,T1 Out,252.0,S,,R
TBLW105T1M10OT,10,T1 Out,201.0,S,S,E
TBLW105T1M11OT,11,T1 Out,230.0,S,S,E
TBLW105T1M12OT,12,T1 Out,229.0,S,S,L
TBLW105T1M13OT,13,T1 Out,185.0,S,S,L
TBLW105T1M14OT,14,T1 Out,176.0,S,,R
TBLW105T1M15OT,15,T1 Out,200.0,F,V,
TBLW105T1M16IN,16,T1 Inside,300.0,S,L,E
TBLW105T1M17IN,17,T1 Inside,279.0,S,L,E
TBLW105T1M18IN,18,T1 Inside,256.0,S,M,E
TBLW105T1M19IN,19,T1 Inside,254.0,S,M,E
TBLW105T1M20IN,20,T1 Inside,255.0,S,M,E
TBLW105T1M21IN,21,T1 Inside,235.0,S,S,E
TBLW105T1M22IN,22,T1 Inside,220.0,S,S,E
TBLW105T1M23IN,23,T1 Inside,236.0,S,S,E
TBLW105T1M24IN,24,T1 Inside,214.0,S,V,
TBLW105T1M25IN,25,T1 Inside,218.0,S,V,
TBLW105T1M26IN,26,T1 Inside,207.0,S,V,
TBLW105T1M27IN,27,T1 Inside,203.0,S,,R
TBLW105T1M28IN,28,T1 Inside,304.0,S,,R
TBLW105T1M29IN,29,T1 Inside,215.0,S,B,
TBLW105T1M30IN,30,T1 Inside,78.0,S,,R
TBLW105T1M31TP,31,T1 Top,298.0,S,M,E
TBLW105T1M32TP,32,T1 Top,273.0,S,M,E
TBLW105T1M33TP,33,T1 Top,209.0,F,V,
TBLW105T1M34TP,34,T1 Top,230.0,S,S,E
TBLW105T1M35TP,35,T1 Top,252.0,S,S,E
TBLW105T1M36TP,36,T1 Top,265.0,S,S,E
TBLW105T1M37TP,37,T1 Top,255.0,F,S,E
TBLW105T1M38TP,38,T1 Top,202.0,F,,R
TBLW105T1M39TP,39,T1 Top,263.0,F,S,E
TBLW105T1M40TP,40,T1 Top,247.0,S,,R
TBLW105T1M41TP,41,T1 Top,277.0,S,M,E
TBLW105T1M42TP,42,T1 Top,323.0,F,,R
TBLW105T1M43TP,43,T1 Top,254.0,F,M,E
TBLW105T1M44TP,44,T1 Top,241.0,S,S,E
TBLW105T1M45TP,45,T1 Top,319.0,S,L,E
TBLW105T2M46OT,46,T2 Out,292.0,F,L,E
TBLW105T2M47OT,47,T2 Out,314.0,F,L,E
TBLW105T2M48OT,48,T2 Out,309.0,S,L,E
TBLW105T2M49OT,49,T2 Out,302.0,F,L,E
TBLW105T2M50OT,50,T2 Out,297.0,F,M,E
TBLW105T2M51OT,51,T2 Out,289.0,F,M,E
TBLW105T2M52OT,52,T2 Out,260.0,F,M,E
TBLW105T2M53OT,53,T2 Out,267.0,F,,R
TBLW105T2M54OT,54,T2 Out,278.0,S,,R
TBLW105T2M55OT,55,T2 Out,260.0,F,S,E
TBLW105T2M56OT,56,T2 Out,225.0,F,S,E
TBLW105T2M57OT,57,T2 Out,234.0,F,S,E
TBLW105T2M58OT,58,T2 Out,252.0,F,S,L
TBLW105T2M59OT,59,T2 Out,251.0,S,V,
TBLW105T2M60OT,60,T2 Out,293.0,S,,R
TBLW105T2M61IN,61,T2 Inside,295.0,S,M,E
TBLW105T2M62IN,62,T2 Inside,275.0,F,M,E
TBLW105T2M63IN,63,T2 Inside,264.0,S,M,E
TBLW105T2M64IN,64,T2 Inside,226.0,S,M,E
TBLW105T2M65IN,65,T2 Inside,227.0,S,,R
TBLW105T2M66IN,66,T2 Inside,224.0,F,S,E
TBLW105T2M67IN,67,T2 Inside,219.0,F,S,E
TBLW105T2M68IN,68,T2 Inside,181.0,F,V,
TBLW105T2M69IN,69,T2 Inside,188.0,S,V,
TBLW105T2M70IN,70,T2 Inside,201.0,S,V,
TBLW105T2M71IN,71,T2 Inside,188.0,S,V,R
TBLW105T2M72IN,72,T2 Inside,212.0,S,V,R
TBLW105T2M73IN,73,T2 Inside,202.0,S,V,
TBLW105T2M74IN,74,T2 Inside,157.0,S,,R
TBLW105T2M75IN,75,T2 Inside,163.0,F,,R
TBLW105T2M76TP,76,T2 Top,312.0,F,M,E
TBLW105T2M77TP,77,T2 Top,257.0,S,M,E
TBLW105T2M78TP,78,T2 Top,259.0,S,M,E
TBLW105T2M79TP,79,T2 Top,235.0,S,M,E
TBLW105T2M80TP,80,T2 Top,243.0,S,M,E
TBLW105T2M81TP,81,T2 Top,227.0,S,S,E
TBLW105T2M82TP,82,T2 Top,249.0,S,S,R
TBLW105T2M83TP,83,T2 Top,227.0,S,S,L
TBLW105T2M84TP,84,T2 Top,237.0,S,,R
TBLW105T2M85TP,85,T2 Top,225.0,S,,R
TBLW105T2M86TP,86,T2 Top,241.0,S,,R
TBLW105T2M87TP,87,T2 Top,205.0,S,V,
TBLW105T2M88TP,88,T2 Top,253.0,S,,R
TBLW105T2M89TP,89,T2 Top,213.0,S,,R
TBLW105T2M90TP,90,T2 Top,182.0,F,,R
TBLW105T3M91OT,91,T3 Out,292.0,F,L,E
TBLW105T3M92OT,92,T3 Out,274.0,F,M,E
TBLW105T3M93OT,93,T3 Out,263.0,F,M,E
TBLW105T3M94OT,94,T3 Out,261.0,S,M,E
TBLW105T3M95OT,95,T3 Out,241.0,S,M,E
TBLW105T3M96OT,96,T3 Out,216.0,F,S,E
TBLW105T3M97OT,97,T3 Out,220.0,F,S,E
TBLW105T3M98OT,98,T3 Out,203.0,S,V,
TBLW105T3M99OT,99,T3 Out,202.0,S,V,
TBLW105T3M100OT,100,T3 Out,209.0,S,V,
TBLW105T3M101OT,101,T3 Out,223.0,S,S,E
TBLW105T3M102OT,102,T3 Out,313.0,F,,R
TBLW105T3M103OT,103,T3 Out,303.0,S,,R
TBLW105T3M104OT,104,T3 Out,143.0,S,,R
TBLW105T3M105OT,105,T3 Out,164.0,S,,R
TBLW105T3M106IN,106,T3 Inside,315.0,F,M,E
TBLW105T3M107IN,107,T3 Inside,287.0,F,M,E
TBLW105T3M108IN,108,T3 Inside,301.0,F,M,E
TBLW105T3M109IN,109,T3 Inside,300.0,S,M,E
TBLW105T3M110IN,110,T3 Inside,272.0,S,M,E
TBLW105T3M111IN,111,T3 Inside,259.0,F,M,E
TBLW105T3M112IN,112,T3 Inside,274.0,F,S,E
TBLW105T3M113IN,113,T3 Inside,224.0,F,S,E
TBLW105T3M114IN,114,T3 Inside,239.0,F,S,E
TBLW105T3M115IN,115,T3 Inside,187.0,F,V,
TBLW105T3M116IN,116,T3 Inside,194.0,S,,R
TBLW105T3M117IN,117,T3 Inside,269.0,F,,R
TBLW105T3M118IN,118,T3 Inside,250.0,S,,R
TBLW105T3M119IN,119,T3 Inside,195.0,F,V,
TBLW105T3M120IN,120,T3 Inside,158.0,F,,R
TBLW105T3M121TP,121,T3 Top,274.0,F,M,E
TBLW105T3M122TP,122,T3 Top,298.0,S,M,E
TBLW105T3M123TP,123,T3 Top,343.0,S,L,E
TBLW105T3M124TP,124,T3 Top,305.0,F,M,E
TBLW105T3M125TP,125,T3 Top,269.0,F,M,E
TBLW105T3M126TP,126,T3 Top,269.0,S,M,E
TBLW105T3M127TP,127,T3 Top,313.0,S,M,E
TBLW105T3M128TP,128,T3 Top,284.0,S,S,E
TBLW105T3M129TP,129,T3 Top,243.0,F,S,E
TBLW105T3M130TP,130,T3 Top,272.0,F,S,E
TBLW105T3M131TP,131,T3 Top,358.0,F,S,E
TBLW105T3M132TP,132,T3 Top,285.0,F,,R
TBLW105T3M133TP,133,T3 Top,277.0,F,,R
TBLW105T3M134TP,134,T3 Top,244.0,F,,R
TBLW105T3M135TP,135,T3 Top,283.0,S,,R
TBLW109T1M01OT,1,T1 Out,312.0,S,L,E
TBLW109T1M02OT,2,T1 Out,289.0,S,L,E
TBLW109T1M03OT,3,T1 Out,270.0,S,L,E
TBLW109T1M04OT,4,T1 Out,236.0,S,M,E
TBLW109T1M05OT,5,T1 Out,263.0,S,M,E
TBLW109T1M06OT,6,T1 Out,267.0,S,S,E
TBLW109T1M07OT,7,T1 Out,252.0,F,S,E
TBLW109T1M08OT,8,T1 Out,235.0,F,S,E
TBLW109T1M09OT,9,T1 Out,221.0,S,V,
TBLW109T1M10OT,10,T1 Out,216.0,F,V,
TBLW109T1M11OT,11,T1 Out,246.0,S,V,
TBLW109T1M12OT,12,T1 Out,232.0,S,V,
TBLW109T1M13OT,13,T1 Out,223.0,S,V,
TBLW109T1M14OT,14,T1 Out,208.0,S,V,
TBLW109T1M15OT,15,T1 Out,277.0,S,R,
TBLW109T1M16IN,16,T1 Inside,287.0,S,L,E
TBLW109T1M17IN,17,T1 Inside,310.0,F,L,E
TBLW109T1M18IN,18,T1 Inside,307.0,S,L,E
TBLW109T1M19IN,19,T1 Inside,278.0,S,M,E
TBLW109T1M20IN,20,T1 Inside,264.0,S,M,E
TBLW109T1M21IN,21,T1 Inside,287.0,S,M,E
TBLW109T1M22IN,22,T1 Inside,283.0,F,M,E
TBLW109T1M23IN,23,T1 Inside,277.0,S,M,E
TBLW109T1M24IN,24,T1 Inside,259.0,S,M,E
TBLW109T1M25IN,25,T1 Inside,239.0,F,S,E
TBLW109T1M26IN,26,T1 Inside,238.0,S,S,E
TBLW109T1M27IN,27,T1 Inside,279.0,S,S,E
TBLW109T1M28IN,28,T1 Inside,231.0,F,V,
TBLW109T1M29IN,29,T1 Inside,258.0,F,S,
TBLW109T1M30IN,30,T1 Inside,310.0,S,R,
TBLW109T1M31TP,31,T1 Top,289.0,F,L,E
TBLW109T1M32TP,32,T1 Top,295.0,S,R,
TBLW109T1M33TP,33,T1 Top,320.0,S,L,E
TBLW109T1M34TP,34,T1 Top,331.0,F,L,E
TBLW109T1M35TP,35,T1 Top,296.0,S,R,
TBLW109T1M36TP,36,T1 Top,289.0,S,M,E
TBLW109T1M37TP,37,T1 Top,205.0,F,V,
TBLW109T1M38TP,38,T1 Top,287.0,S,R,
TBLW109T1M39TP,39,T1 Top,321.0,S,w,
TBLW109T1M40TP,40,T1 Top,294.0,S,R,
TBLW109T1M41TP,41,T1 Top,213.0,F,V,
TBLW109T1M42TP,42,T1 Top,314.0,S,L,E
TBLW109T1M43TP,43,T1 Top,327.0,F,L,E
TBLW109T1M44TP,44,T1 Top,303.0,S,L,E
TBLW109T1M45TP,45,T1 Top,294.0,F,R,
TBLW109T2M46OT,46,T2 Out,316.0,F,L,E
TBLW109T2M47OT,47,T2 Out,289.0,F,L,E
TBLW109T2M48OT,48,T2 Out,284.0,F,L,E
TBLW109T2M49OT,49,T2 Out,275.0,S,M,E
TBLW109T2M50OT,50,T2 Out,266.0,S,M,E
TBLW109T2M51OT,51,T2 Out,260.0,F,M,E
TBLW109T2M52OT,52,T2 Out,252.0,S,M,E
TBLW109T2M53OT,53,T2 Out,274.0,S,M,E
TBLW109T2M54OT,54,T2 Out,275.0,F,M,E
TBLW109T2M55OT,55,T2 Out,239.0,S,S,E
TBLW109T2M56OT,56,T2 Out,228.0,S,S,E
TBLW109T2M57OT,57,T2 Out,226.0,F,V,
TBLW109T2M58OT,58,T2 Out,239.0,S,V,
TBLW109T2M59OT,59,T2 Out,184.0,S,R,
TBLW109T2M60OT,60,T2 Out,182.0,F,R,
TBLW109T2M61IN,61,T2 Inside,267.0,S,L,E
TBLW109T2M62IN,62,T2 Inside,239.0,S,M,E
TBLW109T2M63IN,63,T2 Inside,258.0,S,M,E
TBLW109T2M64IN,64,T2 Inside,200.0,S,S,E
TBLW109T2M65IN,65,T2 Inside,216.0,F,S,E
TBLW109T2M66IN,66,T2 Inside,250.0,S,S,E
TBLW109T2M67IN,67,T2 Inside,232.0,S,V,
TBLW109T2M68IN,68,T2 Inside,202.0,S,V,
TBLW109T2M69IN,69,T2 Inside,193.0,S,V,
TBLW109T2M70IN,70,T2 Inside,190.0,F,V,
TBLW109T2M71IN,71,T2 Inside,208.0,S,V,
TBLW109T2M72IN,72,T2 Inside,186.0,S,R,
TBLW109T2M73IN,73,T2 Inside,189.0,S,R,
TBLW109T2M74IN,74,T2 Inside,176.0,S,B,L
TBLW109T2M75IN,75,T2 Inside,188.0,S,B,L
TBLW109T2M76TP,76,T2 Top,300.0,S,L,E
TBLW109T2M77TP,77,T2 Top,269.0,S,L,E
TBLW109T2M78TP,78,T2 Top,268.0,S,M,E
TBLW109T2M79TP,79,T2 Top,276.0,S,M,E
TBLW109T2M80TP,80,T2 Top,236.0,S,R,
TBLW109T2M81TP,81,T2 Top,226.0,F,S,E
TBLW109T2M82TP,82,T2 Top,221.0,F,S,E
TBLW109T2M83TP,83,T2 Top,269.0,S,R,
TBLW109T2M84TP,84,T2 Top,264.0,S,R,
TBLW109T2M85TP,85,T2 Top,194.0,F,V,
TBLW109T2M86TP,86,T2 Top,220.0,S,S,E
TBLW109T2M87TP,87,T2 Top,232.0,S,V,
TBLW109T2M88TP,88,T2 Top,232.0,S,R,
TBLW109T2M89TP,89,T2 Top,210.0,S,R,
TBLW109T2M90TP,90,T2 Top,186.0,S,B,L
TBLW109T3M91OT,91,T3 Out,323.0,F,L,E
TBLW109T3M92OT,92,T3 Out,267.0,F,L,E
TBLW109T3M93OT,93,T3 Out,257.0,F,L,E
TBLW109T3M94OT,94,T3 Out,286.0,F,M,R
TBLW109T3M95OT,95,T3 Out,236.0,S,M,E
TBLW109T3M96OT,96,T3 Out,248.0,F,M,R
TBLW109T3M97OT,97,T3 Out,264.0,S,S,E
TBLW109T3M98OT,98,T3 Out,231.0,F,S,E
TBLW109T3M99OT,99,T3 Out,229.0,F,S,E
TBLW109T3M100OT,100,T3 Out,193.0,F,V,
TBLW109T3M101OT,101,T3 Out,216.0,F,V,
TBLW109T3M102OT,102,T3 Out,173.0,S,V,
TBLW109T3M103OT,103,T3 Out,187.0,F,V,
TBLW109T3M104OT,104,T3 Out,181.0,S,R,
TBLW109T3M105OT,105,T3 Out,159.0,S,R,
TBLW109T3M106IN,106,T3 Inside,286.0,F,L,E
TBLW109T3M107IN,107,T3 Inside,283.0,F,L,E
TBLW109T3M108IN,108,T3 Inside,257.0,S,L,E
TBLW109T3M109IN,109,T3 Inside,254.0,F,M,E
TBLW109T3M110IN,110,T3 Inside,257.0,S,M,E
TBLW109T3M111IN,111,T3 Inside,253.0,S,M,E
TBLW109T3M112IN,112,T3 Inside,237.0,S,S,E
TBLW109T3M113IN,113,T3 Inside,254.0,S,S,E
TBLW109T3M114IN,114,T3 Inside,219.0,F,S,E
TBLW109T3M115IN,115,T3 Inside,205.0,F,V,
TBLW109T3M116IN,116,T3 Inside,200.0,S,V,
TBLW109T3M117IN,117,T3 Inside,224.0,F,V,
TBLW109T3M118IN,118,T3 Inside,276.0,F,R,
TBLW109T3M119IN,119,T3 Inside,197.0,F,B,L
TBLW109T3M120IN,120,T3 Inside,200.0,F,B,L
TBLW109T3M121TP,121,T3 Top,235.0,F,L,E
TBLW109T3M122TP,122,T3 Top,256.0,S,L,E
TBLW109T3M123TP,123,T3 Top,249.0,S,M,E
TBLW109T3M124TP,124,T3 Top,237.0,S,M,R
TBLW109T3M125TP,125,T3 Top,238.0,S,S,E
TBLW109T3M126TP,126,T3 Top,220.0,S,S,E
TBLW109T3M127TP,127,T3 Top,218.0,F,S,E
TBLW109T3M128TP,128,T3 Top,249.0,F,S,E
TBLW109T3M129TP,129,T3 Top,219.0,S,V,
TBLW109T3M130TP,130,T3 Top,201.0,S,V,
TBLW109T3M131TP,131,T3 Top,195.0,F,V,
TBLW109T3M132TP,132,T3 Top,182.0,F,V,
TBLW109T3M133TP,133,T3 Top,175.0,F,V,
TBLW109T3M134TP,134,T3 Top,168.0,S,B,L
TBLW109T3M135TP,135,T3 Top,144.0,F,B,L
GBUP115T1M01OT,1,T1 Out,193.0,F,S,E
GBUP115T1M02OT,2,T1 Out,232.0,F,M,E
GBUP115T1M03OT,3,T1 Out,162.0,F,S,E
GBUP115T1M04OT,4,T1 Out,220.0,F,S,E
GBUP115T1M05OT,5,T1 Out,181.0,F,S,E
GBUP115T1M06OT,6,T1 Out,248.0,F,M,E
GBUP115T1M07OT,7,T1 Out,239.0,S,M,E
GBUP115T1M08OT,8,T1 Out,233.0,F,M,E
GBUP115T1M09OT,9,T1 Out,255.0,F,M,E
GBUP115T1M10OT,10,T1 Out,175.0,S,S,E
GBUP115T1M11OT,11,T1 Out,85.0,F,R,R
GBUP115T1M12OT,12,T1 Out,229.0,S,S,L
GBUP115T1M13OT,13,T1 Out,165.0,S,S,E
GBUP115T1M14OT,14,T1 Out,223.0,F,R,R
GBUP115T1M15OT,15,T1 Out,220.0,F,S,L
GBUP115T1M16IN,16,T1 Inside,260.0,S,L,E
GBUP115T1M17IN,17,T1 Inside,192.0,F,M,E
GBUP115T1M18IN,18,T1 Inside,225.0,F,M,E
GBUP115T1M19IN,19,T1 Inside,342.0,F,L,E
GBUP115T1M20IN,20,T1 Inside,264.0,S,M,E
GBUP115T1M21IN,21,T1 Inside,265.0,F,L,E
GBUP115T1M22IN,22,T1 Inside,120.0,F,S,L
GBUP115T1M23IN,23,T1 Inside,273.0,F,M,E
GBUP115T1M24IN,24,T1 Inside,308.0,F,L,E
GBUP115T1M25IN,25,T1 Inside,247.0,S,M,E
GBUP115T1M26IN,26,T1 Inside,113.0,S,S,L
GBUP115T1M27IN,27,T1 Inside,258.0,F,M,E
GBUP115T1M28IN,28,T1 Inside,183.0,F,R,R
GBUP115T1M29IN,29,T1 Inside,179.0,F,S,L
GBUP115T1M30IN,30,T1 Inside,108.0,F,R,R
GBUP115T1M31TP,31,T1 Top,196.0,F,S,E
GBUP115T1M32TP,32,T1 Top,231.0,F,M,E
GBUP115T1M33TP,33,T1 Top,149.0,F,S,E
GBUP115T1M34TP,34,T1 Top,208.0,F,R,R
GBUP115T1M35TP,35,T1 Top,257.0,S,M,E
GBUP115T1M36TP,36,T1 Top,240.0,F,M,E
GBUP115T1M37TP,37,T1 Top,201.0,S,S,E
GBUP115T1M38TP,38,T1 Top,288.0,F,L,E
GBUP115T1M39TP,39,T1 Top,278.0,F,R,R
GBUP115T1M40TP,40,T1 Top,230.0,S,M,E
GBUP115T1M41TP,41,T1 Top,84.0,S,S,L
GBUP115T1M42TP,42,T1 Top,270.0,F,M,E
GBUP115T1M43TP,43,T1 Top,240.0,S,M,L
GBUP115T1M44TP,44,T1 Top,236.0,F,M,E
GBUP115T1M45TP,45,T1 Top,224.0,F,M,E
GBUP115T2M46OT,46,T2 Out,244.0,F,M,E
GBUP115T2M47OT,47,T2 Out,238.0,F,M,E
GBUP115T2M48OT,48,T2 Out,270.0,F,M,E
GBUP115T2M49OT,49,T2 Out,153.0,F,S,L
GBUP115T2M50OT,50,T2 Out,213.0,F,S,E
GBUP115T2M51OT,51,T2 Out,258.0,F,M,E
GBUP115T2M52OT,52,T2 Out,215.0,S,S,L
GBUP115T2M53OT,53,T2 Out,224.0,F,S,L
GBUP115T2M54OT,54,T2 Out,282.0,F,R,R
GBUP115T2M55OT,55,T2 Out,243.0,F,M,E
GBUP115T2M56OT,56,T2 Out,214.0,F,S,L
GBUP115T2M57OT,57,T2 Out,231.0,F,M,L
GBUP115T2M58OT,58,T2 Out,206.0,F,S,L
GBUP115T2M59OT,59,T2 Out,264.0,F,M,L
GBUP115T2M60OT,60,T2 Out,179.0,F,S,L
GBUP115T2M61IN,61,T2 Inside,176.0,S,R,R
GBUP115T2M62IN,62,T2 Inside,274.0,S,M,E
GBUP115T2M63IN,63,T2 Inside,267.0,F,M,L
GBUP115T2M64IN,64,T2 Inside,217.0,F,R,R
GBUP115T2M65IN,65,T2 Inside,261.0,F,M,E
GBUP115T2M66IN,66,T2 Inside,225.0,S,M,E
GBUP115T2M67IN,67,T2 Inside,189.0,F,S,E
GBUP115T2M68IN,68,T2 Inside,242.0,F,M,E
GBUP115T2M69IN,69,T2 Inside,255.0,F,R,R
GBUP115T2M70IN,70,T2 Inside,188.0,F,R,R
GBUP115T2M71IN,71,T2 Inside,204.0,F,S,E
GBUP115T2M72IN,72,T2 Inside,263.0,F,M,E
GBUP115T2M73IN,73,T2 Inside,220.0,F,M,E
GBUP115T2M74IN,74,T2 Inside,236.0,F,M,E
GBUP115T2M75IN,75,T2 Inside,247.0,F,R,R
GBUP115T2M76TP,76,T2 Top,388.0,F,L,L
GBUP115T2M77TP,77,T2 Top,274.0,S,R,R
GBUP115T2M78TP,78,T2 Top,345.0,F,L,E
GBUP115T2M79TP,79,T2 Top,269.0,F,L,E
GBUP115T2M80TP,80,T2 Top,161.0,S,R,R
GBUP115T2M81TP,81,T2 Top,300.0,F,L,E
GBUP115T2M82TP,82,T2 Top,319.0,F,L,E
GBUP115T2M83TP,83,T2 Top,343.0,F,L,E
GBUP115T2M84TP,84,T2 Top,213.0,F,S,L
GBUP115T2M85TP,85,T2 Top,293.0,S,M,L
GBUP115T2M86TP,86,T2 Top,221.0,S,R,R
GBUP115T2M87TP,87,T2 Top,269.0,F,R,R
GBUP115T2M88TP,88,T2 Top,216.0,F,R,R
GBUP115T2M89TP,89,T2 Top,298.0,F,M,E
GBUP115T2M90TP,90,T2 Top,309.0,F,M,L
GBUP115T3M91OT,91,T3 Out,363.0,F,L,E
GBUP115T3M92OT,92,T3 Out,301.0,F,R,R
GBUP115T3M93OT,93,T3 Out,274.0,F,M,L
GBUP115T3M94OT,94,T3 Out,429.0,F,L,L
GBUP115T3M95OT,95,T3 Out,371.0,F,L,E
GBUP115T3M96OT,96,T3 Out,141.0,S,S,L
GBUP115T3M97OT,97,T3 Out,357.0,F,R,R
GBUP115T3M98OT,98,T3 Out,285.0,F,R,R
GBUP115T3M99OT,99,T3 Out,284.0,F,R,R
GBUP115T3M100OT,100,T3 Out,373.0,F,L,L
GBUP115T3M101OT,101,T3 Out,329.0,F,R,R
GBUP115T3M102OT,102,T3 Out,343.0,F,L,E
GBUP115T3M103OT,103,T3 Out,300.0,F,L,E
GBUP115T3M104OT,104,T3 Out,309.0,F,R,R
GBUP115T3M105OT,105,T3 Out,230.0,S,R,R
GBUP115T3M106IN,106,T3 Inside,316.0,F,L,E
GBUP115T3M107IN,107,T3 Inside,306.0,S,L,L
GBUP115T3M108IN,108,T3 Inside,352.0,S,R,R
GBUP115T3M109IN,109,T3 Inside,331.0,F,L,E
GBUP115T3M110IN,110,T3 Inside,360.0,F,L,E
GBUP115T3M111IN,111,T3 Inside,280.0,F,M,L
GBUP115T3M112IN,112,T3 Inside,341.0,F,L,E
GBUP115T3M113IN,113,T3 Inside,366.0,S,L,L
GBUP115T3M114IN,114,T3 Inside,352.0,F,L,E
GBUP115T3M115IN,115,T3 Inside,280.0,S,M,E
GBUP115T3M116IN,116,T3 Inside,315.0,F,R,R
GBUP115T3M117IN,117,T3 Inside,400.0,F,L,E
GBUP115T3M118IN,118,T3 Inside,286.0,F,M,L
GBUP115T3M119IN,119,T3 Inside,280.0,F,M,E
GBUP115T3M120IN,120,T3 Inside,309.0,F,L,E
GBUP115T3M121TP,121,T3 Top,230.0,F,S,L
GBUP115T3M122TP,122,T3 Top,319.0,S,R,R
GBUP115T3M123TP,123,T3 Top,262.0,S,R,R
GBUP115T3M124TP,124,T3 Top,262.0,F,M,L
GBUP115T3M125TP,125,T3 Top,299.0,F,L,E
GBUP115T3M126TP,126,T3 Top,286.0,F,L,E
GBUP115T3M127TP,127,T3 Top,213.0,F,L,L
GBUP115T3M128TP,128,T3 Top,335.0,F,L,E
GBUP115T3M129TP,129,T3 Top,253.0,S,M,E
GBUP115T3M130TP,130,T3 Top,319.0,F,R,R
GBUP115T3M131TP,131,T3 Top,249.0,F,S,L
GBUP115T3M132TP,132,T3 Top,271.0,F,L,E
GBUP115T3M133TP,133,T3 Top,331.0,F,L,L
GBUP115T3M134TP,134,T3 Top,362.0,F,L,L
GBUP115T3M135TP,135,T3 Top,316.0,S,L,E
GBUP121T1M01OT,1,T1 Out,221.0,F,S,L
GBUP121T1M02OT,2,T1 Out,162.0,S,,R
GBUP121T1M03OT,3,T1 Out,163.0,S,,R
GBUP121T1M04OT,4,T1 Out,265.0,S,M,L
GBUP121T1M05OT,5,T1 Out,209.0,S,S,L
GBUP121T1M06OT,6,T1 Out,228.0,S,S,L
GBUP121T1M07OT,7,T1 Out,212.0,S,S,E
GBUP121T1M08OT,8,T1 Out,200.0,S,S,L
GBUP121T1M09OT,9,T1 Out,217.0,S,S,E
GBUP121T1M10OT,10,T1 Out,156.0,F,S,E
GBUP121T1M11OT,11,T1 Out,269.0,S,S,E
GBUP121T1M12OT,12,T1 Out,164.0,F,S,E
GBUP121T1M13OT,13,T1 Out,153.0,S,S,E
GBUP121T1M14OT,14,T1 Out,229.0,S,S,L
GBUP121T1M15OT,15,T1 Out,207.0,F,S,E
GBUP121T1M16IN,16,T1 Inside,250.0,S,S,E
GBUP121T1M17IN,17,T1 Inside,340.0,S,L,E
GBUP121T1M18IN,18,T1 Inside,249.0,F,,R
GBUP121T1M19IN,19,T1 Inside,225.0,S,S,E
GBUP121T1M20IN,20,T1 Inside,202.0,S,S,L
GBUP121T1M21IN,21,T1 Inside,226.0,S,S,E
GBUP121T1M22IN,22,T1 Inside,170.0,S,S,E
GBUP121T1M23IN,23,T1 Inside,296.0,S,M,E
GBUP121T1M24IN,24,T1 Inside,295.0,S,M,E
GBUP121T1M25IN,25,T1 Inside,304.0,S,M,E
GBUP121T1M26IN,26,T1 Inside,228.0,S,S,L
GBUP121T1M27IN,27,T1 Inside,211.0,S,S,L
GBUP121T1M28IN,28,T1 Inside,186.0,S,,R
GBUP121T1M29IN,29,T1 Inside,292.0,S,M,E
GBUP121T1M30IN,30,T1 Inside,244.0,F,S,E
GBUP121T2M31TP,31,T2 Top,361.0,S,,R
GBUP121T2M32TP,32,T2 Top,288.0,S,M,E
GBUP121T2M33TP,33,T2 Top,299.0,S,,R
GBUP121T2M34TP,34,T2 Top,254.0,S,,R
GBUP121T2M35TP,35,T2 Top,216.0,S,S,E
GBUP121T2M36TP,36,T2 Top,181.0,S,S,L
GBUP121T2M37TP,37,T2 Top,176.0,S,,R
GBUP121T2M38TP,38,T2 Top,297.0,S,M,L
GBUP121T2M39TP,39,T2 Top,324.0,S,M,L
GBUP121T2M40TP,40,T2 Top,354.0,S,M,E
GBUP121T2M41TP,41,T2 Top,215.0,S,S,L
GBUP121T2M42TP,42,T2 Top,240.0,F,S,E
GBUP121T2M43TP,43,T2 Top,213.0,S,,R
GBUP121T3M31TP,31,T3 Top,467.0,F,L,E
GBUP121T3M32TP,32,T3 Top,329.0,S,L,L
GBUP121T3M33TP,33,T3 Top,343.0,F,,R
GBUP121T3M34TP,34,T3 Top,309.0,F,,R
GBUP121T3M35TP,35,T3 Top,337.0,S,L,E
GBUP121T3M36TP,36,T3 Top,393.0,S,L,E
GBUP121T3M37TP,37,T3 Top,205.0,S,,R
GBUP121T3M38TP,38,T3 Top,356.0,F,L,E
GBUP121T3M39TP,39,T3 Top,329.0,S,L,E
GBUP121T3M40TP,40,T3 Top,306.0,S,M,L
GBUP121T3M41TP,41,T3 Top,419.0,F,L,E
GBUP121T3M42TP,42,T3 Top,282.0,F,L,L
GBUP121T3M43TP,43,T3 Top,139.0,S,S,E
GBUP121T3M44TP,44,T3 Top,218.0,F,S,E
GBUP121T3M45TP,45,T3 Top,177.0,F,S,E
LSUP110T1M01OT,1,T1 Out,230.0,F,,E
LSUP110T1M02OT,2,T1 Out,215.0,F,,E
LSUP110T1M03OT,3,T1 Out,232.0,F,,E
LSUP110T1M04OT,4,T1 Out,266.0,F,,E
LSUP110T1M05OT,5,T1 Out,258.0,F,,E
LSUP110T1M06OT,6,T1 Out,233.0,F,,E
LSUP110T1M07OT,7,T1 Out,261.0,F,,L
LSUP110T1M08OT,8,T1 Out,219.0,F,,L
LSUP110T1M09OT,9,T1 Out,219.0,F,,L
LSUP110T1M10OT,10,T1 Out,196.0,S,,L
LSUP110T1M11OT,11,T1 Out,161.0,F,,R
LSUP110T1M12OT,12,T1 Out,155.0,F,,R
LSUP110T1M13OT,13,T1 Out,116.0,F,,R
LSUP110T1M14OT,14,T1 Out,123.0,F,,R
LSUP110T1M15OT,15,T1 Out,135.0,F,,R
LSUP110T1M16IN,16,T1 Inside,152.0,F,,E
LSUP110T1M17IN,17,T1 Inside,175.0,F,,E
LSUP110T1M18IN,18,T1 Inside,147.0,F,,E
LSUP110T1M19IN,19,T1 Inside,140.0,F,,E
LSUP110T1M20IN,20,T1 Inside,159.0,F,,E
LSUP110T1M21IN,21,T1 Inside,134.0,F,,E
LSUP110T1M22IN,22,T1 Inside,104.0,F,,E
LSUP110T1M23IN,23,T1 Inside,111.0,F,,E
LSUP110T1M24IN,24,T1 Inside,117.0,F,,E
LSUP110T1M25IN,25,T1 Inside,118.0,S,,L
LSUP110T1M26IN,26,T1 Inside,129.0,F,,L
LSUP110T1M27IN,27,T1 Inside,178.0,F,,L
LSUP110T1M28IN,28,T1 Inside,137.0,F,,R
LSUP110T1M29IN,29,T1 Inside,122.0,F,,R
LSUP110T1M30IN,30,T1 Inside,134.0,F,,R
LSUP110T2M01OT,1,T2 Out,260.0,F,,E
LSUP110T2M02OT,2,T2 Out,244.0,F,,E
LSUP110T2M03OT,3,T2 Out,212.0,F,,E
LSUP110T2M04OT,4,T2 Out,210.0,F,,E
LSUP110T2M05OT,5,T2 Out,210.0,F,,E
LSUP110T2M06OT,6,T2 Out,218.0,F,,E
LSUP110T2M07OT,7,T2 Out,215.0,F,,L
LSUP110T2M08OT,8,T2 Out,227.0,F,,L
LSUP110T2M09OT,9,T2 Out,211.0,F,,L
LSUP110T2M10OT,10,T2 Out,190.0,F,,L
LSUP110T2M11OT,11,T2 Out,191.0,F,,L
LSUP110T2M12OT,12,T2 Out,175.0,F,,L
LSUP110T2M13OT,13,T2 Out,212.0,F,,R
LSUP110T2M14OT,14,T2 Out,188.0,F,,R
LSUP110T2M15OT,15,T2 Out,152.0,F,,R
LSUP110T2M16IN,16,T2 Inside,279.0,F,,E
LSUP110T2M17IN,17,T2 Inside,231.0,F,,E
LSUP110T2M18IN,18,T2 Inside,217.0,F,,E
LSUP110T2M19IN,19,T2 Inside,229.0,F,,E
LSUP110T2M20IN,20,T2 Inside,239.0,F,,E
LSUP110T2M21IN,21,T2 Inside,241.0,F,,E
LSUP110T2M22IN,22,T2 Inside,258.0,F,,E
LSUP110T2M23IN,23,T2 Inside,245.0,F,,L
LSUP110T2M24IN,24,T2 Inside,221.0,F,,L
LSUP110T2M25IN,25,T2 Inside,265.0,F,,L
LSUP110T2M26IN,26,T2 Inside,227.0,F,,R
LSUP110T2M27IN,27,T2 Inside,222.0,F,,R
LSUP110T2M28IN,28,T2 Inside,180.0,F,,R
LSUP110T2M29IN,29,T2 Inside,189.0,F,,R
LSUP110T2M30IN,30,T2 Inside,177.0,F,,R
LSUP110T3M01OT,1,T3 Out,259.0,F,,E
LSUP110T3M02OT,2,T3 Out,259.0,F,,E
LSUP110T3M03OT,3,T3 Out,267.0,F,,E
LSUP110T3M04OT,4,T3 Out,300.0,F,,E
LSUP110T3M05OT,5,T3 Out,254.0,F,,L
LSUP110T3M06OT,6,T3 Out,202.0,F,,L
LSUP110T3M07OT,7,T3 Out,232.0,F,,L
LSUP110T3M08OT,8,T3 Out,192.0,F,,L
LSUP110T3M09OT,9,T3 Out,178.0,F,,R
LSUP110T3M10OT,10,T3 Out,174.0,F,,R
LSUP110T3M11OT,11,T3 Out,221.0,F,,R
LSUP110T3M12OT,12,T3 Out,172.0,F,,R
LSUP110T3M13OT,13,T3 Out,151.0,F,,R
LSUP110T3M14OT,14,T3 Out,194.0,F,,R
LSUP110T3M15OT,15,T3 Out,130.0,F,,R
LSUP110T3M16IN,16,T3 Inside,289.0,F,,E
LSUP110T3M17IN,17,T3 Inside,271.0,F,,E
LSUP110T3M18IN,18,T3 Inside,382.0,F,,E
LSUP110T3M19IN,19,T3 Inside,230.0,F,,E
LSUP110T3M20IN,20,T3 Inside,265.0,F,,E
LSUP110T3M21IN,21,T3 Inside,231.0,F,,L
LSUP110T3M22IN,22,T3 Inside,235.0,F,,L
LSUP110T3M23IN,23,T3 Inside,195.0,F,,L
LSUP110T3M24IN,24,T3 Inside,317.0,F,,L
LSUP110T3M25IN,25,T3 Inside,262.0,F,,L
LSUP110T3M26IN,26,T3 Inside,252.0,F,,L
LSUP110T3M27IN,27,T3 Inside,169.0,F,,R
LSUP110T3M28IN,28,T3 Inside,205.0,F,,R
LSUP110T3M29IN,29,T3 Inside,165.0,F,,R
LSUP110T3M30IN,30,T3 Inside,124.0,F,,R
LSUP110T4M01OT,1,T4 Out,280.0,F,,E
LSUP110T4M02OT,2,T4 Out,224.0,F,,E
LSUP110T4M03OT,3,T4 Out,316.0,F,,E
LSUP110T4M04OT,4,T4 Out,319.0,F,,E
LSUP110T4M05OT,5,T4 Out,320.0,F,,L
LSUP110T4M06OT,6,T4 Out,366.0,F,,L
LSUP110T4M07OT,7,T4 Out,297.0,F,,L
LSUP110T4M08OT,8,T4 Out,376.0,F,,L
LSUP110T4M09OT,9,T4 Out,265.0,F,,L
LSUP110T4M10OT,10,T4 Out,266.0,F,,L
LSUP110T4M11OT,11,T4 Out,225.0,F,,R
LSUP110T4M12OT,12,T4 Out,179.0,F,,R
LSUP110T4M13OT,13,T4 Out,151.0,F,,R
LSUP110T4M14OT,14,T4 Out,320.0,F,,R
LSUP110T4M15OT,15,T4 Out,212.0,F,,R
LSUP110T4M16IN,16,T4 Inside,374.0,F,,E
LSUP110T4M17IN,17,T4 Inside,390.0,F,,E
LSUP110T4M18IN,18,T4 Inside,293.0,F,,E
LSUP110T4M19IN,19,T4 Inside,347.0,F,,L
LSUP110T4M20IN,20,T4 Inside,312.0,F,,L
LSUP110T4M21IN,21,T4 Inside,420.0,F,,L
LSUP110T4M22IN,22,T4 Inside,223.0,F,,L
LSUP110T4M23IN,23,T4 Inside,279.0,F,,L
LSUP110T4M24IN,24,T4 Inside,257.0,F,,L
LSUP110T4M25IN,25,T4 Inside,354.0,F,,L
LSUP110T4M26IN,26,T4 Inside,272.0,F,,L
LSUP110T4M27IN,27,T4 Inside,277.0,F,,L
LSUP110T4M28IN,28,T4 Inside,247.0,F,,R
LSUP110T4M29IN,29,T4 Inside,217.0,F,,R
LSUP110T4M30IN,30,T4 Inside,284.0,F,,R
LSUP119T1M01OT,1,T1 Out,170.0,F,,E
LSUP119T1M02OT,2,T1 Out,167.0,F,,E
LSUP119T1M03OT,3,T1 Out,150.0,F,,E
LSUP119T1M04OT,4,T1 Out,162.0,F,,E
LSUP119T1M05OT,5,T1 Out,157.0,F,,E
LSUP119T1M06OT,6,T1 Out,194.0,F,,L
LSUP119T1M07OT,7,T1 Out,161.0,F,,L
LSUP119T1M08OT,8,T1 Out,173.0,F,,L
LSUP119T1M09OT,9,T1 Out,146.0,F,,L
LSUP119T1M10OT,10,T1 Out,138.0,F,,L
LSUP119T1M11OT,11,T1 Out,144.0,F,,R
LSUP119T1M12OT,12,T1 Out,159.0,F,,R
LSUP119T1M13OT,13,T1 Out,133.0,F,,R
LSUP119T1M14OT,14,T1 Out,109.0,F,,R
LSUP119T1M15OT,15,T1 Out,136.0,F,,R
LSUP119T1M16OT,16,T1 Out,115.0,F,,R
LSUP119T1M17OT,17,T1 Out,123.0,F,,R
LSUP119T1M16IN,16,T1 Inside,222.0,F,,E
LSUP119T1M17IN,17,T1 Inside,243.0,F,,E
LSUP119T1M18IN,18,T1 Inside,231.0,F,,E
LSUP119T1M19IN,19,T1 Inside,193.0,F,,E
LSUP119T1M20IN,20,T1 Inside,225.0,F,,L
LSUP119T1M21IN,21,T1 Inside,197.0,S,,L
LSUP119T1M22IN,22,T1 Inside,219.0,S,,L
LSUP119T1M23IN,23,T1 Inside,152.0,F,,L
LSUP119T1M24IN,24,T1 Inside,167.0,F,,L
LSUP119T1M25IN,25,T1 Inside,173.0,F,,L
LSUP119T1M26IN,26,T1 Inside,153.0,F,,L
LSUP119T1M27IN,27,T1 Inside,189.0,F,,R
LSUP119T1M28IN,28,T1 Inside,166.0,F,,R
LSUP119T1M29IN,29,T1 Inside,166.0,F,,R
LSUP119T1M30IN,30,T1 Inside,156.0,F,,R
LSUP119T1M31IN,31,T1 Inside,175.0,F,,R
LSUP119T1M32IN,32,T1 Inside,159.0,F,,R
LSUP119T2M01OT,1,T2 Out,331.0,F,,E
LSUP119T2M02OT,2,T2 Out,183.0,F,,E
LSUP119T2M03OT,3,T2 Out,325.0,F,,E
LSUP119T2M04OT,4,T2 Out,243.0,F,,E
LSUP119T2M05OT,5,T2 Out,228.0,F,,L
LSUP119T2M06OT,6,T2 Out,238.0,F,,L
LSUP119T2M07OT,7,T2 Out,278.0,F,,L
LSUP119T2M08OT,8,T2 Out,239.0,F,,L
LSUP119T2M09OT,9,T2 Out,188.0,F,,L
LSUP119T2M10OT,10,T2 Out,273.0,F,,L
LSUP119T2M11OT,11,T2 Out,173.0,F,,L
LSUP119T2M12OT,12,T2 Out,153.0,F,,R
LSUP119T2M13OT,13,T2 Out,180.0,F,,R
LSUP119T2M14OT,14,T2 Out,144.0,F,,R
LSUP119T2M15OT,15,T2 Out,136.0,S,,R
LSUP119T2M16OT,16,T2 Out,173.0,F,,R
LSUP119T2M17OT,17,T2 Out,176.0,F,,R
LSUP119T2M16IN,16,T2 Inside,297.0,F,,E
LSUP119T2M17IN,17,T2 Inside,259.0,F,,E
LSUP119T2M18IN,18,T2 Inside,294.0,F,,E
LSUP119T2M19IN,19,T2 Inside,270.0,F,,E
LSUP119T2M20IN,20,T2 Inside,327.0,F,,E
LSUP119T2M21IN,21,T2 Inside,287.0,S,,E
LSUP119T2M22IN,22,T2 Inside,317.0,S,,L
LSUP119T2M23IN,23,T2 Inside,306.0,F,,L
LSUP119T2M24IN,24,T2 Inside,285.0,F,,L
LSUP119T2M25IN,25,T2 Inside,301.0,F,,L
LSUP119T2M26IN,26,T2 Inside,246.0,F,,L
LSUP119T2M27IN,27,T2 Inside,240.0,F,,L
LSUP119T2M28IN,28,T2 Inside,169.0,F,,R
LSUP119T2M29IN,29,T2 Inside,135.0,F,,R
LSUP119T2M30IN,30,T2 Inside,210.0,F,,R
LSUP119T2M31IN,31,T2 Inside,159.0,F,,R
LSUP119T2M32IN,32,T2 Inside,151.0,F,,R
LSUP119T3M01OT,1,T3 Out,266.0,F,,E
LSUP119T3M02OT,2,T3 Out,303.0,F,,E
LSUP119T3M03OT,3,T3 Out,272.0,F,,E
LSUP119T3M04OT,4,T3 Out,362.0,F,,E
LSUP119T3M05OT,5,T3 Out,280.0,F,,E
LSUP119T3M06OT,6,T3 Out,256.0,F,,L
LSUP119T3M07OT,7,T3 Out,210.0,F,,L
LSUP119T3M08OT,8,T3 Out,211.0,F,,L
LSUP119T3M09OT,9,T3 Out,220.0,F,,L
LSUP119T3M10OT,10,T3 Out,238.0,F,,L
LSUP119T3M11OT,11,T3 Out,224.0,F,,L
LSUP119T3M12OT,12,T3 Out,280.0,F,,L
LSUP119T3M13OT,13,T3 Out,246.0,F,,R
LSUP119T3M14OT,14,T3 Out,257.0,F,,R
LSUP119T3M15OT,15,T3 Out,274.0,F,,R
LSUP119T3M16OT,16,T3 Out,274.0,F,,R
LSUP119T3M17OT,17,T3 Out,,,,
LSUP119T3M16IN,16,T3 Inside,194.0,F,,E
LSUP119T3M17IN,17,T3 Inside,282.0,F,,E
LSUP119T3M18IN,18,T3 Inside,243.0,F,,E
LSUP119T3M19IN,19,T3 Inside,184.0,F,,E
LSUP119T3M20IN,20,T3 Inside,292.0,F,,E
LSUP119T3M21IN,21,T3 Inside,251.0,F,,E
LSUP119T3M22IN,22,T3 Inside,227.0,F,,L
LSUP119T3M23IN,23,T3 Inside,233.0,F,,L
LSUP119T3M24IN,24,T3 Inside,211.0,F,,L
LSUP119T3M25IN,25,T3 Inside,272.0,F,,L
LSUP119T3M26IN,26,T3 Inside,228.0,F,,L
LSUP119T3M27IN,27,T3 Inside,163.0,F,,R
LSUP119T3M28IN,28,T3 Inside,199.0,F,,R
LSUP119T3M29IN,29,T3 Inside,206.0,F,,R
LSUP119T3M30IN,30,T3 Inside,169.0,F,,R
LSUP119T3M31IN,31,T3 Inside,160.0,F,,R
LSUP119T3M32IN,32,T3 Inside,200.0,F,,R
LSUP119T3M33IN,33,T3 Inside,234.0,F,,R
LSUP119T4M01OT,1,T4 Out,318.0,F,,E
LSUP119T4M02OT,2,T4 Out,372.0,F,,E
LSUP119T4M03OT,3,T4 Out,293.0,F,,E
LSUP119T4M04OT,4,T4 Out,293.0,F,,E
LSUP119T4M05OT,5,T4 Out,330.0,F,,L
LSUP119T4M06OT,6,T4 Out,297.0,F,,L
LSUP119T4M07OT,7,T4 Out,321.0,F,,L
LSUP119T4M08OT,8,T4 Out,266.0,F,,L
LSUP119T4M09OT,9,T4 Out,375.0,F,,L
LSUP119T4M10OT,10,T4 Out,303.0,F,,L
LSUP119T4M11OT,11,T4 Out,453.0,F,,L
LSUP119T4M12OT,12,T4 Out,264.0,F,,L
LSUP119T4M13OT,13,T4 Out,270.0,F,,R
LSUP119T4M14OT,14,T4 Out,238.0,F,,R
LSUP119T4M15OT,15,T4 Out,271.0,F,,R
LSUP119T4M16OT,16,T4 Out,207.0,F,,R
LSUP119T4M17OT,17,T4 Out,327.0,F,,R
LSUP119T4M16IN,16,T4 Inside,271.0,F,,E
LSUP119T4M17IN,17,T4 Inside,256.0,F,,E
LSUP119T4M18IN,18,T4 Inside,322.0,F,,E
LSUP119T4M19IN,19,T4 Inside,321.0,F,,E
LSUP119T4M20IN,20,T4 Inside,357.0,F,,L
LSUP119T4M21IN,21,T4 Inside,242.0,F,,L
LSUP119T4M22IN,22,T4 Inside,296.0,F,,L
LSUP119T4M23IN,23,T4 Inside,380.0,F,,L
LSUP119T4M24IN,24,T4 Inside,264.0,F,,L
LSUP119T4M25IN,25,T4 Inside,313.0,F,,L
LSUP119T4M26IN,26,T4 Inside,301.0,F,,L
LSUP119T4M27IN,27,T4 Inside,248.0,F,,R
LSUP119T4M28IN,28,T4 Inside,261.0,F,,R
LSUP119T4M29IN,29,T4 Inside,263.0,F,,R
LSUP119T4M30IN,30,T4 Inside,205.0,F,,R
LSUP119T4M31IN,31,T4 Inside,213.0,F,,R
LSUP119T4M32IN,32,T4 Inside,247.0,F,,R
LSUP120T1M01OT,1,T1 Out,187.0,F,,E
LSUP120T1M02OT,2,T1 Out,226.0,F,,E
LSUP120T1M03OT,3,T1 Out,163.0,F,,E
LSUP120T1M04OT,4,T1 Out,156.0,S,,E
LSUP120T1M05OT,5,T1 Out,155.0,F,,E
LSUP120T1M06OT,6,T1 Out,154.0,F,,L
LSUP120T1M07OT,7,T1 Out,173.0,F,,L
LSUP120T1M08OT,8,T1 Out,152.0,F,,L
LSUP120T1M09OT,9,T1 Out,129.0,S,,L
LSUP120T1M10OT,10,T1 Out,165.0,F,,L
LSUP120T1M11OT,11,T1 Out,158.0,F,,L
LSUP120T1M12OT,12,T1 Out,147.0,F,,L
LSUP120T1M13OT,13,T1 Out,179.0,F,,L
LSUP120T1M14OT,14,T1 Out,161.0,F,,R
LSUP120T1M15OT,15,T1 Out,195.0,F,,R
LSUP120T1M16OT,16,T1 Out,138.0,F,,R
LSUP120T1M17OT,17,T1 Out,71.0,S,,R
LSUP120T1M16IN,16,T1 Inside,171.0,F,,E
LSUP120T1M17IN,17,T1 Inside,151.0,F,,E
LSUP120T1M18IN,18,T1 Inside,156.0,F,,E
LSUP120T1M19IN,19,T1 Inside,146.0,F,,E
LSUP120T1M20IN,20,T1 Inside,185.0,F,,E
LSUP120T1M21IN,21,T1 Inside,179.0,F,,E
LSUP120T1M22IN,22,T1 Inside,179.0,F,,E
LSUP120T1M23IN,23,T1 Inside,140.0,F,,E
LSUP120T1M24IN,24,T1 Inside,170.0,S,,E
LSUP120T1M25IN,25,T1 Inside,150.0,F,,E
LSUP120T1M26IN,26,T1 Inside,148.0,F,,L
LSUP120T1M27IN,27,T1 Inside,144.0,F,,L
LSUP120T1M28IN,28,T1 Inside,97.0,F,,L
LSUP120T1M29IN,29,T1 Inside,132.0,F,,L
LSUP120T1M30IN,30,T1 Inside,122.0,F,,R
LSUP120T1M31IN,31,T1 Inside,148.0,F,,R
LSUP120T1M32IN,32,T1 Inside,165.0,F,,R
LSUP120T2M01OT,1,T2 Out,246.0,F,,E
LSUP120T2M02OT,2,T2 Out,259.0,F,,E
LSUP120T2M03OT,3,T2 Out,323.0,F,,E
LSUP120T2M04OT,4,T2 Out,278.0,F,,E
LSUP120T2M05OT,5,T2 Out,265.0,F,,E
LSUP120T2M06OT,6,T2 Out,337.0,F,,E
LSUP120T2M07OT,7,T2 Out,269.0,F,,E
LSUP120T2M08OT,8,T2 Out,270.0,F,,E
LSUP120T2M09OT,9,T2 Out,228.0,F,,L
LSUP120T2M10OT,10,T2 Out,220.0,F,,L
LSUP120T2M11OT,11,T2 Out,212.0,F,,L
LSUP120T2M12OT,12,T2 Out,202.0,F,,L
LSUP120T2M13OT,13,T2 Out,251.0,F,,L
LSUP120T2M14OT,14,T2 Out,248.0,F,,R
LSUP120T2M15OT,15,T2 Out,228.0,F,,R
LSUP120T2M16OT,16,T2 Out,263.0,F,,R
LSUP120T2M17OT,17,T2 Out,129.0,F,,R
LSUP120T2M16IN,16,T2 Inside,270.0,F,,E
LSUP120T2M17IN,17,T2 Inside,279.0,F,,E
LSUP120T2M18IN,18,T2 Inside,319.0,F,,E
LSUP120T2M19IN,19,T2 Inside,337.0,F,,E
LSUP120T2M20IN,20,T2 Inside,278.0,F,,E
LSUP120T2M21IN,21,T2 Inside,254.0,F,,E
LSUP120T2M22IN,22,T2 Inside,267.0,F,,E
LSUP120T2M23IN,23,T2 Inside,211.0,F,,L
LSUP120T2M24IN,24,T2 Inside,188.0,F,,L
LSUP120T2M25IN,25,T2 Inside,211.0,F,,L
LSUP120T2M26IN,26,T2 Inside,227.0,F,,L
LSUP120T2M27IN,27,T2 Inside,213.0,F,,L
LSUP120T2M28IN,28,T2 Inside,180.0,F,,L
LSUP120T2M29IN,29,T2 Inside,198.0,F,,L
LSUP120T2M30IN,30,T2 Inside,201.0,F,,R
LSUP120T2M31IN,31,T2 Inside,261.0,F,,R
LSUP120T2M32IN,32,T2 Inside,249.0,F,,R
LSUP120T3M01OT,1,T3 Out,292.0,F,,E
LSUP120T3M02OT,2,T3 Out,355.0,F,,E
LSUP120T3M03OT,3,T3 Out,256.0,F,,E
LSUP120T3M04OT,4,T3 Out,289.0,F,,E
LSUP120T3M05OT,5,T3 Out,314.0,F,,E
LSUP120T3M06OT,6,T3 Out,257.0,F,,E
LSUP120T3M07OT,7,T3 Out,268.0,F,,E
LSUP120T3M08OT,8,T3 Out,247.0,F,,L
LSUP120T3M09OT,9,T3 Out,230.0,F,,L
LSUP120T3M10OT,10,T3 Out,226.0,F,,L
LSUP120T3M11OT,11,T3 Out,227.0,F,,L
LSUP120T3M12OT,12,T3 Out,214.0,F,,L
LSUP120T3M13OT,13,T3 Out,264.0,F,,L
LSUP120T3M14OT,14,T3 Out,289.0,F,,L
LSUP120T3M15OT,15,T3 Out,364.0,F,,L
LSUP120T3M16OT,16,T3 Out,271.0,F,,L
LSUP120T3M17OT,17,T3 Out,161.0,F,,L
LSUP120T3M16IN,16,T3 Inside,315.0,F,,E
LSUP120T3M17IN,17,T3 Inside,227.0,F,,E
LSUP120T3M18IN,18,T3 Inside,323.0,F,,E
LSUP120T3M19IN,19,T3 Inside,292.0,S,,E
LSUP120T3M20IN,20,T3 Inside,268.0,F,,E
LSUP120T3M21IN,21,T3 Inside,325.0,F,,E
LSUP120T3M22IN,22,T3 Inside,222.0,F,,E
LSUP120T3M23IN,23,T3 Inside,347.0,F,,L
LSUP120T3M24IN,24,T3 Inside,196.0,F,,L
LSUP120T3M25IN,25,T3 Inside,282.0,F,,L
LSUP120T3M26IN,26,T3 Inside,294.0,S,,L
LSUP120T3M27IN,27,T3 Inside,244.0,S,,L
LSUP120T3M28IN,28,T3 Inside,257.0,F,,R
LSUP120T3M29IN,29,T3 Inside,360.0,F,,R
LSUP120T3M30IN,30,T3 Inside,351.0,F,,R
LSUP120T3M31IN,31,T3 Inside,171.0,S,,R
LSUP120T3M32IN,32,T3 Inside,166.0,F,,R
LSUP120T4M01OT,1,T4 Out,337.0,F,,E
LSUP120T4M02OT,2,T4 Out,276.0,F,,E
LSUP120T4M03OT,3,T4 Out,216.0,S,,E
LSUP120T4M04OT,4,T4 Out,319.0,F,,E
LSUP120T4M05OT,5,T4 Out,301.0,F,,E
LSUP120T4M06OT,6,T4 Out,334.0,F,,E
LSUP120T4M07OT,7,T4 Out,284.0,F,,E
LSUP120T4M08OT,8,T4 Out,310.0,F,,E
LSUP120T4M09OT,9,T4 Out,306.0,F,,L
LSUP120T4M10OT,10,T4 Out,280.0,F,,L
LSUP120T4M11OT,11,T4 Out,150.0,F,,L
LSUP120T4M12OT,12,T4 Out,220.0,F,,R
LSUP120T4M13OT,13,T4 Out,172.0,S,,R
LSUP120T4M14OT,14,T4 Out,164.0,F,,R
LSUP120T4M15OT,15,T4 Out,189.0,S,,R
LSUP120T4M16OT,16,T4 Out,,,,
LSUP120T4M17OT,17,T4 Out,,,,
LSUP120T4M16IN,16,T4 Inside,270.0,F,,E
LSUP120T4M17IN,17,T4 Inside,263.0,F,,E
LSUP120T4M18IN,18,T4 Inside,392.0,F,,E
LSUP120T4M19IN,19,T4 Inside,275.0,F,,E
LSUP120T4M20IN,20,T4 Inside,292.0,F,,E
LSUP120T4M21IN,21,T4 Inside,253.0,F,,E
LSUP120T4M22IN,22,T4 Inside,247.0,S,,E
LSUP120T4M23IN,23,T4 Inside,313.0,F,,E
LSUP120T4M24IN,24,T4 Inside,276.0,F,,E
LSUP120T4M25IN,25,T4 Inside,341.0,F,,E
LSUP120T4M26IN,26,T4 Inside,269.0,F,,L
LSUP120T4M27IN,27,T4 Inside,251.0,F,,L
LSUP120T4M28IN,28,T4 Inside,280.0,F,,L
LSUP120T4M29IN,29,T4 Inside,288.0,F,,L
LSUP120T4M30IN,30,T4 Inside,306.0,S,,L
LSUP120T4M31IN,31,T4 Inside,242.0,S,,L
LSUP120T4M32IN,32,T4 Inside,237.0,F,,L
LSUP125T1M01OT,1,T1 Out,276.0,S,,E
LSUP125T1M02OT,2,T1 Out,267.0,F,,E
LSUP125T1M03OT,3,T1 Out,315.0,F,,E
LSUP125T1M04OT,4,T1 Out,252.0,F,,E
LSUP125T1M05OT,5,T1 Out,272.0,S,,E
LSUP125T1M06OT,6,T1 Out,299.0,S,,E
LSUP125T1M07OT,7,T1 Out,214.0,S,,E
LSUP125T1M08OT,8,T1 Out,276.0,S,,L
LSUP125T1M09OT,9,T1 Out,296.0,S,,L
LSUP125T1M10OT,10,T1 Out,236.0,S,,L
LSUP125T1M11OT,11,T1 Out,236.0,F,,L
LSUP125T1M12OT,12,T1 Out,289.0,S,,L
LSUP125T1M13OT,13,T1 Out,205.0,S,,L
LSUP125T1M14OT,14,T1 Out,255.0,F,,L
LSUP125T1M15OT,15,T1 Out,239.0,F,,L
LSUP125T1M16OT,16,T1 Out,274.0,S,,L
LSUP125T1M17OT,17,T1 Out,208.0,F,,R
LSUP125T1M16IN,16,T1 Inside,265.0,S,,E
LSUP125T1M17IN,17,T1 Inside,294.0,S,,E
LSUP125T1M18IN,18,T1 Inside,284.0,S,,E
LSUP125T1M19IN,19,T1 Inside,270.0,S,,E
LSUP125T1M20IN,20,T1 Inside,295.0,S,,E
LSUP125T1M21IN,21,T1 Inside,299.0,S,,E
LSUP125T1M22IN,22,T1 Inside,262.0,S,,E
LSUP125T1M23IN,23,T1 Inside,234.0,S,,L
LSUP125T1M24IN,24,T1 Inside,206.0,F,,L
LSUP125T1M25IN,25,T1 Inside,263.0,S,,L
LSUP125T1M26IN,26,T1 Inside,307.0,S,,L
LSUP125T1M27IN,27,T1 Inside,296.0,S,,L
LSUP125T1M28IN,28,T1 Inside,264.0,S,,L
LSUP125T1M29IN,29,T1 Inside,297.0,F,,L
LSUP125T1M30IN,30,T1 Inside,243.0,S,,L
LSUP125T1M31IN,31,T1 Inside,246.0,S,,L
LSUP125T1M32IN,32,T1 Inside,199.0,S,,R
LSUP125T1M33IN,33,T1 Inside,204.0,S,,R
ALUP111T1M01OT,1,T1 Out,313.0,F,,L
ALUP111T1M02OT,2,T1 Out,407.0,F,,L
ALUP111T1M03OT,3,T1 Out,345.0,F,,L
ALUP111T1M04OT,4,T1 Out,390.0,F,,L
ALUP111T1M05OT,5,T1 Out,226.0,S,,L
ALUP111T1M06OT,6,T1 Out,282.0,F,,L
ALUP111T1M07OT,7,T1 Out,279.0,F,,L
ALUP111T1M08OT,8,T1 Out,261.0,F,,L
ALUP111T1M09OT,9,T1 Out,334.0,F,,L
ALUP111T1M10OT,10,T1 Out,254.0,F,,L
ALUP111T1M11OT,11,T1 Out,291.0,F,,L
ALUP111T1M12OT,12,T1 Out,295.0,F,,L
ALUP111T1M13OT,13,T1 Out,338.0,F,,L
ALUP111T1M14OT,14,T1 Out,193.0,F,,L
ALUP111T1M15OT,15,T1 Out,298.0,F,,L
ALUP111T1M16IN,16,T1 Inside,389.0,F,,L
ALUP111T1M17IN,17,T1 Inside,318.0,S,,L
ALUP111T1M18IN,18,T1 Inside,272.0,F,,L
ALUP111T1M19IN,19,T1 Inside,244.0,F,,L
ALUP111T1M20IN,20,T1 Inside,351.0,F,,L
ALUP111T1M21IN,21,T1 Inside,369.0,F,,L
ALUP111T1M22IN,22,T1 Inside,276.0,F,,L
ALUP111T1M23IN,23,T1 Inside,368.0,F,,L
ALUP111T1M24IN,24,T1 Inside,353.0,F,,L
ALUP111T1M25IN,25,T1 Inside,256.0,F,,L
ALUP111T1M26IN,26,T1 Inside,322.0,F,,L
ALUP111T1M27IN,27,T1 Inside,275.0,F,,L
ALUP111T1M28IN,28,T1 Inside,174.0,S,,R
ALUP111T1M29IN,29,T1 Inside,171.0,F,,R
ALUP111T1M30IN,30,T1 Inside,286.0,F,,R
ALUP111T2M01OT,1,T2 Out,330.0,F,,L
ALUP111T2M02OT,2,T2 Out,307.0,F,,L
ALUP111T2M03OT,3,T2 Out,304.0,F,,L
ALUP111T2M04OT,4,T2 Out,382.0,F,,L
ALUP111T2M05OT,5,T2 Out,250.0,F,,L
ALUP111T2M06OT,6,T2 Out,250.0,F,,L
ALUP111T2M07OT,7,T2 Out,243.0,F,,L
ALUP111T2M08OT,8,T2 Out,205.0,S,,L
ALUP111T2M09OT,9,T2 Out,268.0,F,,L
ALUP111T2M10OT,10,T2 Out,284.0,F,,L
ALUP111T2M11OT,11,T2 Out,227.0,F,,L
ALUP111T2M12OT,12,T2 Out,244.0,F,,L
ALUP111T2M13OT,13,T2 Out,164.0,F,,L
ALUP111T2M14OT,14,T2 Out,153.0,F,,L
ALUP111T2M15OT,15,T2 Out,198.0,F,,L
ALUP111T2M16IN,16,T2 Inside,263.0,F,,L
ALUP111T2M17IN,17,T2 Inside,230.0,S,,L
ALUP111T2M18IN,18,T2 Inside,206.0,F,,L
ALUP111T2M19IN,19,T2 Inside,266.0,F,,L
ALUP111T2M20IN,20,T2 Inside,262.0,F,,L
ALUP111T2M21IN,21,T2 Inside,247.0,F,,L
ALUP111T2M22IN,22,T2 Inside,227.0,F,,L
ALUP111T2M23IN,23,T2 Inside,277.0,F,,L
ALUP111T2M24IN,24,T2 Inside,204.0,F,,L
ALUP111T2M25IN,25,T2 Inside,289.0,F,,L
ALUP111T2M26IN,26,T2 Inside,265.0,F,,L
ALUP111T2M27IN,27,T2 Inside,268.0,F,,L
ALUP111T2M28IN,28,T2 Inside,223.0,F,,L
ALUP111T2M29IN,29,T2 Inside,183.0,F,,R
ALUP111T2M30IN,30,T2 Inside,196.0,S,,R
ALUP111T3M01OT,1,T3 Out,297.12,F,,L
ALUP111T3M02OT,2,T3 Out,330.63,F,,L
ALUP111T3M03OT,3,T3 Out,253.05,F,,L
ALUP111T3M04OT,4,T3 Out,382.72,F,,L
ALUP111T3M05OT,5,T3 Out,369.79,S,,L
ALUP111T3M06OT,6,T3 Out,296.9,F,,L
ALUP111T3M07OT,7,T3 Out,403.68,F,,L
ALUP111T3M08OT,8,T3 Out,386.84,F,,L
ALUP111T3M09OT,9,T3 Out,252.45,F,,L
ALUP111T3M10OT,10,T3 Out,307.75,F,,L
ALUP111T3M11OT,11,T3 Out,302.34,F,,L
ALUP111T3M12OT,12,T3 Out,222.15,F,,L
ALUP111T3M13OT,13,T3 Out,211.73,S,,L
ALUP111T3M14OT,14,T3 Out,203.19,F,,L
ALUP111T3M15OT,15,T3 Out,221.82,S,,L
ALUP111T3M16OT,16,T3 Out,110.86,F,,L
ALUP111T3M16IN,16,T3 Inside,332.36,F,,E
ALUP111T3M17IN,17,T3 Inside,331.78,F,,E
ALUP111T3M18IN,18,T3 Inside,232.72,F,,E
ALUP111T3M19IN,19,T3 Inside,334.89,F,,L
ALUP111T3M20IN,20,T3 Inside,278.01,F,,L
ALUP111T3M21IN,21,T3 Inside,376.68,F,,L
ALUP111T3M22IN,22,T3 Inside,329.64,F,,L
ALUP111T3M23IN,23,T3 Inside,283.46,F,,L
ALUP111T3M24IN,24,T3 Inside,250.76,F,,L
ALUP111T3M25IN,25,T3 Inside,299.78,F,,L
ALUP111T3M26IN,26,T3 Inside,285.25,F,,L
ALUP111T3M27IN,27,T3 Inside,285.85,S,,R
ALUP111T3M28IN,28,T3 Inside,299.91,F,,R
ALUP111T3M29IN,29,T3 Inside,427.95,S,,R
ALUP111T3M30IN,30,T3 Inside,148.06,F,,R
ALUP111T4M01OT,1,T4 Out,331.72,F,,L
ALUP111T4M02OT,2,T4 Out,312.87,F,,L
ALUP111T4M03OT,3,T4 Out,289.67,F,,L
ALUP111T4M04OT,4,T4 Out,303.06,F,,L
ALUP111T4M05OT,5,T4 Out,287.72,F,,L
ALUP111T4M06OT,6,T4 Out,248.72,F,,L
ALUP111T4M07OT,7,T4 Out,268.43,F,,L
ALUP111T4M08OT,8,T4 Out,224.93,F,,L
ALUP111T4M09OT,9,T4 Out,252.19,F,,L
ALUP111T4M10OT,10,T4 Out,262.82,F,,L
ALUP111T4M11OT,11,T4 Out,226.74,F,,L
ALUP111T4M12OT,12,T4 Out,210.68,F,,L
ALUP111T4M13OT,13,T4 Out,140.45,F,,L
ALUP111T4M14OT,14,T4 Out,181.26,F,,L
ALUP111T4M15OT,15,T4 Out,192.48,F,,L
ALUP111T4M16IN,16,T4 Inside,298.86,F,,L
ALUP111T4M17IN,17,T4 Inside,344.32,F,,L
ALUP111T4M18IN,18,T4 Inside,243.11,F,,L
ALUP111T4M19IN,19,T4 Inside,270.4,F,,L
ALUP111T4M20IN,20,T4 Inside,246.88,F,,L
ALUP111T4M21IN,21,T4 Inside,243.65,F,,L
ALUP111T4M22IN,22,T4 Inside,265.06,F,,L
ALUP111T4M23IN,23,T4 Inside,232.83,F,,L
ALUP111T4M24IN,24,T4 Inside,291.48,F,,L
ALUP111T4M25IN,25,T4 Inside,195.75,F,,R
ALUP111T4M26IN,26,T4 Inside,165.77,S,,R
ALUP111T4M27IN,27,T4 Inside,186.35,F,,R
ALUP111T4M28IN,28,T4 Inside,142.18,F,,R
ALUP111T4M29IN,29,T4 Inside,173.39,F,,R
ALUP111T4M30IN,30,T4 Inside,162.06,F,,R
ALUP116T1M01OT,1,T1 Out,,,,
ALUP116T1M02OT,2,T1 Out,,,,
ALUP116T1M03OT,3,T1 Out,,,,
ALUP116T1M04OT,4,T1 Out,,,,
ALUP116T1M05OT,5,T1 Out,,,,
ALUP116T1M06OT,6,T1 Out,,,,
ALUP116T1M07OT,7,T1 Out,,,,
ALUP116T1M08OT,8,T1 Out,,,,
ALUP116T1M09OT,9,T1 Out,,,,
ALUP116T1M10OT,10,T1 Out,,,,
ALUP116T1M11OT,11,T1 Out,,,,
ALUP116T1M12OT,12,T1 Out,,,,
ALUP116T1M13OT,13,T1 Out,,,,
ALUP116T1M14OT,14,T1 Out,,,,
ALUP116T1M15OT,15,T1 Out,,,,
ALUP116T1M16IN,16,T1 Inside,,,,
ALUP116T1M17IN,17,T1 Inside,,,,
ALUP116T1M18IN,18,T1 Inside,,,,
ALUP116T1M19IN,19,T1 Inside,,,,
ALUP116T1M20IN,20,T1 Inside,,,,
ALUP116T1M21IN,21,T1 Inside,,,,
ALUP116T1M22IN,22,T1 Inside,,,,
ALUP116T1M23IN,23,T1 Inside,,,,
ALUP116T1M24IN,24,T1 Inside,,,,
ALUP116T1M25IN,25,T1 Inside,,,,
ALUP116T1M26IN,26,T1 Inside,,,,
ALUP116T1M27IN,27,T1 Inside,,,,
ALUP116T1M28IN,28,T1 Inside,,,,
ALUP116T1M29IN,29,T1 Inside,,,,
ALUP116T1M30IN,30,T1 Inside,,,,
ALUP116T2M01OT,1,T2 Out,253.62,F,,L
ALUP116T2M02OT,2,T2 Out,314.06,F,,L
ALUP116T2M03OT,3,T2 Out,235.11,S,,L
ALUP116T2M04OT,4,T2 Out,294.02,F,,L
ALUP116T2M05OT,5,T2 Out,219.24,F,,L
ALUP116T2M06OT,6,T2 Out,296.99,F,,L
ALUP116T2M07OT,7,T2 Out,237.39,F,,L
ALUP116T2M08OT,8,T2 Out,263.51,F,,L
ALUP116T2M09OT,9,T2 Out,301.41,F,,L
ALUP116T2M10OT,10,T2 Out,272.36,S,,L
ALUP116T2M11OT,11,T2 Out,294.4,S,,L
ALUP116T2M12OT,12,T2 Out,231.18,F,,L
ALUP116T2M13OT,13,T2 Out,206.71,F,,L
ALUP116T2M14OT,14,T2 Out,197.15,S,,L
ALUP116T2M15OT,15,T2 Out,307.2,F,,R
ALUP116T2M16IN,16,T2 Inside,250.26,F,,L
ALUP116T2M17IN,17,T2 Inside,277.69,F,,L
ALUP116T2M18IN,18,T2 Inside,276.95,F,,L
ALUP116T2M19IN,19,T2 Inside,234.67,F,,L
ALUP116T2M20IN,20,T2 Inside,295.16,S,,L
ALUP116T2M21IN,21,T2 Inside,164.93,S,,L
ALUP116T2M22IN,22,T2 Inside,254.98,F,,L
ALUP116T2M23IN,23,T2 Inside,299.18,F,,L
ALUP116T2M24IN,24,T2 Inside,213.35,F,,L
ALUP116T2M25IN,25,T2 Inside,211.43,S,,L
ALUP116T2M26IN,26,T2 Inside,305.0,F,,L
ALUP116T2M27IN,27,T2 Inside,237.67,S,,L
ALUP116T2M28IN,28,T2 Inside,295.2,F,,L
ALUP116T2M29IN,29,T2 Inside,213.21,F,,L
ALUP116T2M30IN,30,T2 Inside,250.06,S,,L
ALUP116T3M01OT,1,T3 Out,319.71,,,E
ALUP116T3M02OT,2,T3 Out,353.93,,,E
ALUP116T3M03OT,3,T3 Out,370.52,,,E
ALUP116T3M04OT,4,T3 Out,297.79,S,,L
ALUP116T3M05OT,5,T3 Out,327.35,S,,L
ALUP116T3M06OT,6,T3 Out,287.65,,,L
ALUP116T3M07OT,7,T3 Out,312.49,S,,L
ALUP116T3M08OT,8,T3 Out,360.5,S,,L
ALUP116T3M09OT,9,T3 Out,339.25,S,,L
ALUP116T3M10OT,10,T3 Out,394.92,,,L
ALUP116T3M11OT,11,T3 Out,350.72,,,L
ALUP116T3M12OT,12,T3 Out,299.06,,,L
ALUP116T3M13OT,13,T3 Out,305.46,S,,L
ALUP116T3M14OT,14,T3 Out,350.83,S,,L
ALUP116T3M15OT,15,T3 Out,354.24,,,L
ALUP116T3M16IN,16,T3 Inside,408.16,,,E
ALUP116T3M17IN,17,T3 Inside,346.89,S,,E
ALUP116T3M18IN,18,T3 Inside,344.81,,,E
ALUP116T3M19IN,19,T3 Inside,401.14,,,E
ALUP116T3M20IN,20,T3 Inside,443.38,,,E
ALUP116T3M21IN,21,T3 Inside,147.1,S,,L
ALUP116T3M22IN,22,T3 Inside,303.43,,,L
ALUP116T3M23IN,23,T3 Inside,235.4,,,L
ALUP116T3M24IN,24,T3 Inside,322.18,S,,L
ALUP116T3M25IN,25,T3 Inside,255.31,,,L
ALUP116T3M26IN,26,T3 Inside,226.1,S,,L
ALUP116T3M27IN,27,T3 Inside,288.78,S,,L
ALUP116T3M28IN,28,T3 Inside,273.83,,,L
ALUP116T3M29IN,29,T3 Inside,132.68,S,,L
ALUP116T3M30IN,30,T3 Inside,354.91,,,L
ALUP116T4M01OT,1,T4 Out,284.77,,,E
ALUP116T4M02OT,2,T4 Out,331.63,S,,E
ALUP116T4M03OT,3,T4 Out,277.9,,,E
ALUP116T4M04OT,4,T4 Out,318.44,,,E
ALUP116T4M05OT,5,T4 Out,306.34,S,,E
ALUP116T4M06OT,6,T4 Out,239.67,,,L
ALUP116T4M07OT,7,T4 Out,288.52,,,L
ALUP116T4M08OT,8,T4 Out,293.88,,,L
ALUP116T4M09OT,9,T4 Out,290.87,S,,L
ALUP116T4M10OT,10,T4 Out,263.51,,,L
ALUP116T4M11OT,11,T4 Out,228.16,,,L
ALUP116T4M12OT,12,T4 Out,320.33,,,L
ALUP116T4M13OT,13,T4 Out,169.29,S,,L
ALUP116T4M14OT,14,T4 Out,280.81,,,L
ALUP116T4M15OT,15,T4 Out,298.22,,,L
ALUP116T4M16IN,16,T4 Inside,247.1,,,E
ALUP116T4M17IN,17,T4 Inside,333.15,,,L
ALUP116T4M18IN,18,T4 Inside,307.16,,,L
ALUP116T4M19IN,19,T4 Inside,216.55,,,L
ALUP116T4M20IN,20,T4 Inside,266.8,,,L
ALUP116T4M21IN,21,T4 Inside,219.85,,,L
ALUP116T4M22IN,22,T4 Inside,240.04,,,L
ALUP116T4M23IN,23,T4 Inside,222.79,,,L
ALUP116T4M24IN,24,T4 Inside,300.76,,,L
ALUP116T4M25IN,25,T4 Inside,290.88,,,L
ALUP116T4M26IN,26,T4 Inside,222.6,,,L
ALUP116T4M27IN,27,T4 Inside,274.51,,,L
ALUP116T4M28IN,28,T4 Inside,245.89,S,,R
ALUP116T4M29IN,29,T4 Inside,190.77,,,R
ALUP116T4M30IN,30,T4 Inside,252.52,S,,R
ALUP121T1M01OT,1,T1 Out,391.4,,,E
ALUP121T1M02OT,2,T1 Out,281.38,,,E
ALUP121T1M03OT,3,T1 Out,370.35,F,,E
ALUP121T1M04OT,4,T1 Out,397.33,F,,L
ALUP121T1M05OT,5,T1 Out,281.25,,,L
ALUP121T1M06OT,6,T1 Out,403.95,F,,L
ALUP121T1M07OT,7,T1 Out,329.9,F,,L
ALUP121T1M08OT,8,T1 Out,274.98,,,L
ALUP121T1M09OT,9,T1 Out,375.51,F,,L
ALUP121T1M10OT,10,T1 Out,296.87,,,L
ALUP121T1M11OT,11,T1 Out,291.03,F,,L
ALUP121T1M12OT,12,T1 Out,270.45,,,L
ALUP121T1M13OT,13,T1 Out,223.23,F,,L
ALUP121T1M14OT,14,T1 Out,248.18,F,,L
ALUP121T1M15OT,15,T1 Out,291.28,,,L
ALUP121T1M16IN,16,T1 Inside,375.57,F,,E
ALUP121T1M17IN,17,T1 Inside,306.22,,,E
ALUP121T1M18IN,18,T1 Inside,358.25,,,E
ALUP121T1M19IN,19,T1 Inside,391.47,,,E
ALUP121T1M20IN,20,T1 Inside,247.47,F,,E
ALUP121T1M21IN,21,T1 Inside,338.7,,,E
ALUP121T1M22IN,22,T1 Inside,305.09,,,E
ALUP121T1M23IN,23,T1 Inside,338.63,F,,L
ALUP121T1M24IN,24,T1 Inside,352.43,,,L
ALUP121T1M25IN,25,T1 Inside,315.27,,,L
ALUP121T1M26IN,26,T1 Inside,323.81,,,L
ALUP121T1M27IN,27,T1 Inside,378.35,,,L
ALUP121T1M28IN,28,T1 Inside,359.66,,,L
ALUP121T1M29IN,29,T1 Inside,295.37,F,,L
ALUP121T1M30IN,30,T1 Inside,329.73,,,L
ALUP121T2M01OT,1,T2 Out,246.02,,,E
ALUP121T2M02OT,2,T2 Out,322.73,F,,E
ALUP121T2M03OT,3,T2 Out,288.02,F,,E
ALUP121T2M04OT,4,T2 Out,284.94,F,,E
ALUP121T2M05OT,5,T2 Out,244.6,F,,E
ALUP121T2M06OT,6,T2 Out,303.46,F,,E
ALUP121T2M07OT,7,T2 Out,224.57,F,,E
ALUP121T2M08OT,8,T2 Out,368.08,,,L
ALUP121T2M09OT,9,T2 Out,259.27,,,L
ALUP121T2M10OT,10,T2 Out,303.94,,,L
ALUP121T2M11OT,11,T2 Out,282.67,F,,L
ALUP121T2M12OT,12,T2 Out,265.57,F,,L
ALUP121T2M13OT,13,T2 Out,267.61,,,L
ALUP121T2M14OT,14,T2 Out,219.03,F,,L
ALUP121T2M15OT,15,T2 Out,303.59,,,L
ALUP121T2M16IN,16,T2 Inside,283.12,F,,E
ALUP121T2M17IN,17,T2 Inside,296.49,,,E
ALUP121T2M18IN,18,T2 Inside,358.52,F,,E
ALUP121T2M19IN,19,T2 Inside,240.95,F,,E
ALUP121T2M20IN,20,T2 Inside,276.8,,,E
ALUP121T2M21IN,21,T2 Inside,245.74,F,,E
ALUP121T2M22IN,22,T2 Inside,239.64,F,,L
ALUP121T2M23IN,23,T2 Inside,326.0,,,L
ALUP121T2M24IN,24,T2 Inside,350.27,F,,L
ALUP121T2M25IN,25,T2 Inside,288.87,,,L
ALUP121T2M26IN,26,T2 Inside,315.73,F,,L
ALUP121T2M27IN,27,T2 Inside,332.2,,,L
ALUP121T2M28IN,28,T2 Inside,262.66,F,,L
ALUP121T2M29IN,29,T2 Inside,221.21,F,,L
ALUP121T2M30IN,30,T2 Inside,259.54,,,L
ALUP121T3M01OT,1,T3 Out,380.99,,,E
ALUP121T3M02OT,2,T3 Out,385.22,F,,E
ALUP121T3M03OT,3,T3 Out,275.87,,,E
ALUP121T3M04OT,4,T3 Out,353.96,,,E
ALUP121T3M05OT,5,T3 Out,289.33,,,E
ALUP121T3M06OT,6,T3 Out,295.09,,,E
ALUP121T3M07OT,7,T3 Out,342.66,F,,E
ALUP121T3M08OT,8,T3 Out,300.39,,,E
ALUP121T3M09OT,9,T3 Out,292.34,,,E
ALUP121T3M10OT,10,T3 Out,367.01,,,L
ALUP121T3M11OT,11,T3 Out,374.77,F,,L
ALUP121T3M12OT,12,T3 Out,298.97,,,L
ALUP121T3M13OT,13,T3 Out,323.18,,,L
ALUP121T3M14OT,14,T3 Out,428.44,,,L
ALUP121T3M15OT,15,T3 Out,314.37,,,L
ALUP121T3M16IN,16,T3 Inside,385.31,,,E
ALUP121T3M17IN,17,T3 Inside,306.1,,,E
ALUP121T3M18IN,18,T3 Inside,348.88,,,E
ALUP121T3M19IN,19,T3 Inside,341.15,,,E
ALUP121T3M20IN,20,T3 Inside,406.32,F,,E
ALUP121T3M21IN,21,T3 Inside,260.42,,,E
ALUP121T3M22IN,22,T3 Inside,406.0,F,,L
ALUP121T3M23IN,23,T3 Inside,372.56,F,,L
ALUP121T3M24IN,24,T3 Inside,331.4,,,L
ALUP121T3M25IN,25,T3 Inside,375.47,F,,L
ALUP121T3M26IN,26,T3 Inside,335.54,,,L
ALUP121T3M27IN,27,T3 Inside,290.27,,,L
ALUP121T3M28IN,28,T3 Inside,271.77,F,,L
ALUP121T3M29IN,29,T3 Inside,274.96,F,,L
ALUP121T3M30IN,30,T3 Inside,325.85,F,,L
ALUP121T4M01OT,1,T4 Out,340.23,F,,E
ALUP121T4M02OT,2,T4 Out,287.95,F,,E
ALUP121T4M03OT,3,T4 Out,351.89,F,,E
ALUP121T4M04OT,4,T4 Out,251.55,F,,E
ALUP121T4M05OT,5,T4 Out,393.66,,,L
ALUP121T4M06OT,6,T4 Out,411.43,,,L
ALUP121T4M07OT,7,T4 Out,306.69,,,L
ALUP121T4M08OT,8,T4 Out,242.96,,,L
ALUP121T4M09OT,9,T4 Out,220.14,,,L
ALUP121T4M10OT,10,T4 Out,294.46,,,L
ALUP121T4M11OT,11,T4 Out,351.12,,,L
ALUP121T4M12OT,12,T4 Out,226.23,,,L
ALUP121T4M13OT,13,T4 Out,323.35,F,,L
ALUP121T4M14OT,14,T4 Out,313.78,,,L
ALUP121T4M15OT,15,T4 Out,307.01,F,,L
ALUP121T4M16IN,16,T4 Inside,284.52,,,E
ALUP121T4M17IN,17,T4 Inside,328.28,F,,E
ALUP121T4M18IN,18,T4 Inside,282.48,F,,E
ALUP121T4M19IN,19,T4 Inside,291.1,,,E
ALUP121T4M20IN,20,T4 Inside,313.72,F,,E
ALUP121T4M21IN,21,T4 Inside,192.64,,,E
ALUP121T4M22IN,22,T4 Inside,285.89,,,E
ALUP121T4M23IN,23,T4 Inside,304.73,,,L
ALUP121T4M24IN,24,T4 Inside,292.32,,,L
ALUP121T4M25IN,25,T4 Inside,148.62,,,L
ALUP121T4M26IN,26,T4 Inside,237.0,F,,L
ALUP121T4M27IN,27,T4 Inside,282.92,F,,L
ALUP121T4M28IN,28,T4 Inside,239.64,,,L
ALUP121T4M29IN,29,T4 Inside,396.57,F,,L
ALUP121T4M30IN,30,T4 Inside,352.02,,,L
